2025-07-18 15:54:20 0 [Note] Starting MariaDB 10.4.32-MariaDB source revision c4143f909528e3fab0677a28631d10389354c491 as process 15500
2025-07-18 15:54:20 0 [Note] InnoDB: Mutexes and rw_locks use Windows interlocked functions
2025-07-18 15:54:20 0 [Note] InnoDB: Uses event mutexes
2025-07-18 15:54:20 0 [Note] InnoDB: Compressed tables use zlib 1.3
2025-07-18 15:54:20 0 [Note] InnoDB: Number of pools: 1
2025-07-18 15:54:20 0 [Note] InnoDB: Using SSE2 crc32 instructions
2025-07-18 15:54:20 0 [Note] InnoDB: Initializing buffer pool, total size = 16M, instances = 1, chunk size = 16M
2025-07-18 15:54:20 0 [Note] InnoDB: Completed initialization of buffer pool
2025-07-18 15:54:20 0 [Note] InnoDB: Starting crash recovery from checkpoint LSN=300288
2025-07-18 15:54:20 0 [Note] InnoDB: 128 out of 128 rollback segments are active.
2025-07-18 15:54:20 0 [Note] InnoDB: Removed temporary tablespace data file: "ibtmp1"
2025-07-18 15:54:20 0 [Note] InnoDB: Creating shared tablespace for temporary tables
2025-07-18 15:54:20 0 [Note] InnoDB: Setting file 'E:\Data-Science\XAMMP\mysql\data\ibtmp1' size to 12 MB. Physically writing the file full; Please wait ...
2025-07-18 15:54:20 0 [Note] InnoDB: File 'E:\Data-Science\XAMMP\mysql\data\ibtmp1' size is now 12 MB.
2025-07-18 15:54:20 0 [Note] InnoDB: Waiting for purge to start
2025-07-18 15:54:20 0 [Note] InnoDB: 10.4.32 started; log sequence number 300297; transaction id 170
2025-07-18 15:54:20 0 [Note] InnoDB: Loading buffer pool(s) from E:\Data-Science\XAMMP\mysql\data\ib_buffer_pool
2025-07-18 15:54:20 0 [Note] Plugin 'FEEDBACK' is disabled.
2025-07-18 15:54:20 0 [Note] InnoDB: Buffer pool(s) load completed at 250718 15:54:20
2025-07-18 15:54:20 0 [Note] Server socket created on IP: '::'.
2025-07-18 15:54:20 0 [Note] Reading of all Master_info entries succeeded
2025-07-18 15:54:20 0 [Note] Added new Master_info '' to hash table
2025-07-18 15:54:20 0 [Note] e:\data-science\xammp\mysql\bin\mysqld.exe: ready for connections.
Version: '10.4.32-MariaDB'  socket: ''  port: 3306  mariadb.org binary distribution
2025-07-18 15:58:22 0 [Warning] InnoDB: A long semaphore wait:
--Thread 18044 has waited at log0log.cc line 1392 for 241.00 seconds the semaphore:
S-lock on RW-latch at 00007FF7259341D0 created in file log0log.cc line 579
a writer (thread id 0) has reserved it in mode  exclusive
number of readers 0, waiters flag 1, lock_word: 0
Last time write locked in file log0log.cc line 1342
2025-07-18 15:58:22 0 [Note] InnoDB: A semaphore wait:
--Thread 18044 has waited at log0log.cc line 1392 for 241.00 seconds the semaphore:
S-lock on RW-latch at 00007FF7259341D0 created in file log0log.cc line 579
a writer (thread id 0) has reserved it in mode  exclusive
number of readers 0, waiters flag 1, lock_word: 0
Last time write locked in file log0log.cc line 1342
InnoDB: ###### Starts InnoDB Monitor for 30 secs to print diagnostic info:
InnoDB: Pending reads 0, writes 0

=====================================
2025-07-18 15:58:40 0x14dc INNODB MONITOR OUTPUT
=====================================
Per second averages calculated from the last 65 seconds
-----------------
BACKGROUND THREAD
-----------------
srv_master_thread loops: 0 srv_active, 0 srv_shutdown, 1 srv_idle
srv_master_thread log flush and writes: 1
----------
SEMAPHORES
----------
OS WAIT ARRAY INFO: reservation count 43
--Thread 18044 has waited at log0log.cc line 1392 for 259.00 seconds the semaphore:
S-lock on RW-latch at 00007FF7259341D0 created in file log0log.cc line 579
a writer (thread id 0) has reserved it in mode  exclusive
number of readers 0, waiters flag 1, lock_word: 0
Last time write locked in file log0log.cc line 1342
OS WAIT ARRAY INFO: signal count 103
RW-shared spins 451, rounds 1318, OS waits 24
RW-excl spins 888, rounds 1982, OS waits 3
RW-sx spins 2, rounds 60, OS waits 2
Spin rounds per wait: 2.92 RW-shared, 2.23 RW-excl, 30.00 RW-sx
------------
TRANSACTIONS
------------
Trx id counter 241
Purge done for trx's n:o < 241 undo n:o < 0 state: running but idle
History list length 6
LIST OF TRANSACTIONS FOR EACH SESSION:
---TRANSACTION 283018632990864, ACTIVE 6 sec
0 lock struct(s), heap size 1128, 0 row lock(s)
MySQL thread id 54, OS thread handle 17652, query id 12061 localhost 127.0.0.1 root 
Trx read view will not see trx with id >= 241, sees < 241
--------
FILE I/O
--------
I/O thread 0 state: native aio handle (insert buffer thread)
I/O thread 1 state: native aio handle (log thread)
I/O thread 2 state: native aio handle (read thread)
I/O thread 3 state: native aio handle (read thread)
I/O thread 4 state: native aio handle (read thread)
I/O thread 5 state: native aio handle (read thread)
I/O thread 6 state: native aio handle (write thread)
I/O thread 7 state: native aio handle (write thread)
I/O thread 8 state: native aio handle (write thread)
I/O thread 9 state: native aio handle (write thread)
Pending normal aio reads: [0, 0, 0, 0] , aio writes: [0, 0, 0, 0] ,
 ibuf aio reads:, log i/o's:, sync i/o's:
Pending flushes (fsync) log: 0; buffer pool: 0
500 OS file reads, 495 OS file writes, 125 OS fsyncs
0.00 reads/s, 0 avg bytes/read, 0.15 writes/s, 0.11 fsyncs/s
-------------------------------------
INSERT BUFFER AND ADAPTIVE HASH INDEX
-------------------------------------
Ibuf: size 1, free list len 0, seg size 2, 0 merges
merged operations:
 insert 0, delete mark 0, delete 0
discarded operations:
 insert 0, delete mark 0, delete 0
Hash table size 4441, node heap has 0 buffer(s)
Hash table size 4441, node heap has 0 buffer(s)
Hash table size 4441, node heap has 0 buffer(s)
Hash table size 4441, node heap has 0 buffer(s)
Hash table size 4441, node heap has 3 buffer(s)
Hash table size 4441, node heap has 7 buffer(s)
Hash table size 4441, node heap has 1 buffer(s)
Hash table size 4441, node heap has 0 buffer(s)
0.00 hash searches/s, 0.55 non-hash searches/s
---
LOG
---
Log sequence number 1335315
Log flushed up to   1335315
Pages flushed up to 1335315
Last checkpoint at  300288
0 pending log flushes, 1 pending chkp writes
46 log i/o's done, 0.05 log i/o's/second
----------------------
BUFFER POOL AND MEMORY
----------------------
Total large memory allocated 33554432
Dictionary memory allocated 85136
Buffer pool size   1003
Free buffers       736
Database pages     256
Old database pages 0
Modified db pages  0
Percent of dirty pages(LRU & free pages): 0.000
Max dirty pages percent: 75.000
Pending reads 0
Pending writes: LRU 0, flush list 0, single page 0
Pages made young 0, not young 0
0.00 youngs/s, 0.00 non-youngs/s
Pages read 464, created 192, written 438
0.00 reads/s, 0.00 creates/s, 0.09 writes/s
Buffer pool hit rate 1000 / 1000, young-making rate 0 / 1000 not 0 / 1000
Pages read ahead 0.00/s, evicted without access 0.00/s, Random read ahead 0.00/s
LRU len: 256, unzip_LRU len: 0
I/O sum[12]:cur[0], unzip sum[0]:cur[0]
--------------
ROW OPERATIONS
--------------
0 queries inside InnoDB, 0 queries in queue
1 read views open inside InnoDB
Process ID=15500, Main thread ID=18044, state: making checkpoint
Number of rows inserted 5302, updated 4, deleted 0, read 4119
0.00 inserts/s, 0.00 updates/s, 0.00 deletes/s, 62.75 reads/s
Number of system rows inserted 0, updated 0, deleted 0, read 0
0.00 inserts/s, 0.00 updates/s, 0.00 deletes/s, 0.00 reads/s
----------------------------
END OF INNODB MONITOR OUTPUT
============================
InnoDB: ###### Diagnostic info printed to the standard error stream
2025-07-18 15:58:53 0 [Warning] InnoDB: A long semaphore wait:
--Thread 18044 has waited at log0log.cc line 1392 for 272.00 seconds the semaphore:
S-lock on RW-latch at 00007FF7259341D0 created in file log0log.cc line 579
a writer (thread id 0) has reserved it in mode  exclusive
number of readers 0, waiters flag 1, lock_word: 0
Last time write locked in file log0log.cc line 1342
2025-07-18 15:58:53 0 [Note] InnoDB: A semaphore wait:
--Thread 18044 has waited at log0log.cc line 1392 for 272.00 seconds the semaphore:
S-lock on RW-latch at 00007FF7259341D0 created in file log0log.cc line 579
a writer (thread id 0) has reserved it in mode  exclusive
number of readers 0, waiters flag 1, lock_word: 0
Last time write locked in file log0log.cc line 1342
InnoDB: ###### Starts InnoDB Monitor for 30 secs to print diagnostic info:
InnoDB: Pending reads 0, writes 0

=====================================
2025-07-18 15:59:00 0x14dc INNODB MONITOR OUTPUT
=====================================
Per second averages calculated from the last 20 seconds
-----------------
BACKGROUND THREAD
-----------------
srv_master_thread loops: 0 srv_active, 0 srv_shutdown, 1 srv_idle
srv_master_thread log flush and writes: 1
----------
SEMAPHORES
----------
OS WAIT ARRAY INFO: reservation count 43
--Thread 18044 has waited at log0log.cc line 1392 for 279.00 seconds the semaphore:
S-lock on RW-latch at 00007FF7259341D0 created in file log0log.cc line 579
a writer (thread id 0) has reserved it in mode  exclusive
number of readers 0, waiters flag 1, lock_word: 0
Last time write locked in file log0log.cc line 1342
OS WAIT ARRAY INFO: signal count 103
RW-shared spins 451, rounds 1318, OS waits 24
RW-excl spins 888, rounds 1982, OS waits 3
RW-sx spins 2, rounds 60, OS waits 2
Spin rounds per wait: 2.92 RW-shared, 2.23 RW-excl, 30.00 RW-sx
------------
TRANSACTIONS
------------
Trx id counter 241
Purge done for trx's n:o < 241 undo n:o < 0 state: running but idle
History list length 6
LIST OF TRANSACTIONS FOR EACH SESSION:
---TRANSACTION 283018632990864, ACTIVE 26 sec
0 lock struct(s), heap size 1128, 0 row lock(s)
MySQL thread id 54, OS thread handle 17652, query id 12061 localhost 127.0.0.1 root 
Trx read view will not see trx with id >= 241, sees < 241
--------
FILE I/O
--------
I/O thread 0 state: native aio handle (insert buffer thread)
I/O thread 1 state: native aio handle (log thread)
I/O thread 2 state: native aio handle (read thread)
I/O thread 3 state: native aio handle (read thread)
I/O thread 4 state: native aio handle (read thread)
I/O thread 5 state: native aio handle (read thread)
I/O thread 6 state: native aio handle (write thread)
I/O thread 7 state: native aio handle (write thread)
I/O thread 8 state: native aio handle (write thread)
I/O thread 9 state: native aio handle (write thread)
Pending normal aio reads: [0, 0, 0, 0] , aio writes: [0, 0, 0, 0] ,
 ibuf aio reads:, log i/o's:, sync i/o's:
Pending flushes (fsync) log: 0; buffer pool: 0
500 OS file reads, 495 OS file writes, 125 OS fsyncs
0.00 reads/s, 0 avg bytes/read, 0.00 writes/s, 0.00 fsyncs/s
-------------------------------------
INSERT BUFFER AND ADAPTIVE HASH INDEX
-------------------------------------
Ibuf: size 1, free list len 0, seg size 2, 0 merges
merged operations:
 insert 0, delete mark 0, delete 0
discarded operations:
 insert 0, delete mark 0, delete 0
Hash table size 4441, node heap has 0 buffer(s)
Hash table size 4441, node heap has 0 buffer(s)
Hash table size 4441, node heap has 0 buffer(s)
Hash table size 4441, node heap has 0 buffer(s)
Hash table size 4441, node heap has 3 buffer(s)
Hash table size 4441, node heap has 7 buffer(s)
Hash table size 4441, node heap has 1 buffer(s)
Hash table size 4441, node heap has 0 buffer(s)
0.00 hash searches/s, 0.00 non-hash searches/s
---
LOG
---
Log sequence number 1335315
Log flushed up to   1335315
Pages flushed up to 1335315
Last checkpoint at  300288
0 pending log flushes, 1 pending chkp writes
46 log i/o's done, 0.00 log i/o's/second
----------------------
BUFFER POOL AND MEMORY
----------------------
Total large memory allocated 33554432
Dictionary memory allocated 85136
Buffer pool size   1003
Free buffers       736
Database pages     256
Old database pages 0
Modified db pages  0
Percent of dirty pages(LRU & free pages): 0.000
Max dirty pages percent: 75.000
Pending reads 0
Pending writes: LRU 0, flush list 0, single page 0
Pages made young 0, not young 0
0.00 youngs/s, 0.00 non-youngs/s
Pages read 464, created 192, written 438
0.00 reads/s, 0.00 creates/s, 0.00 writes/s
No buffer pool page gets since the last printout
Pages read ahead 0.00/s, evicted without access 0.00/s, Random read ahead 0.00/s
LRU len: 256, unzip_LRU len: 0
I/O sum[12]:cur[0], unzip sum[0]:cur[0]
--------------
ROW OPERATIONS
--------------
0 queries inside InnoDB, 0 queries in queue
1 read views open inside InnoDB
Process ID=15500, Main thread ID=18044, state: making checkpoint
Number of rows inserted 5302, updated 4, deleted 0, read 4119
0.00 inserts/s, 0.00 updates/s, 0.00 deletes/s, 0.00 reads/s
Number of system rows inserted 0, updated 0, deleted 0, read 0
0.00 inserts/s, 0.00 updates/s, 0.00 deletes/s, 0.00 reads/s
----------------------------
END OF INNODB MONITOR OUTPUT
============================

=====================================
2025-07-18 15:59:20 0x14dc INNODB MONITOR OUTPUT
=====================================
Per second averages calculated from the last 20 seconds
-----------------
BACKGROUND THREAD
-----------------
srv_master_thread loops: 0 srv_active, 0 srv_shutdown, 1 srv_idle
srv_master_thread log flush and writes: 1
----------
SEMAPHORES
----------
OS WAIT ARRAY INFO: reservation count 43
--Thread 18044 has waited at log0log.cc line 1392 for 299.00 seconds the semaphore:
S-lock on RW-latch at 00007FF7259341D0 created in file log0log.cc line 579
a writer (thread id 0) has reserved it in mode  exclusive
number of readers 0, waiters flag 1, lock_word: 0
Last time write locked in file log0log.cc line 1342
OS WAIT ARRAY INFO: signal count 103
RW-shared spins 451, rounds 1318, OS waits 24
RW-excl spins 888, rounds 1982, OS waits 3
RW-sx spins 2, rounds 60, OS waits 2
Spin rounds per wait: 2.92 RW-shared, 2.23 RW-excl, 30.00 RW-sx
------------
TRANSACTIONS
------------
Trx id counter 243
Purge done for trx's n:o < 242 undo n:o < 0 state: running but idle
History list length 7
LIST OF TRANSACTIONS FOR EACH SESSION:
---TRANSACTION 283018632990864, ACTIVE 46 sec
0 lock struct(s), heap size 1128, 0 row lock(s)
MySQL thread id 54, OS thread handle 17652, query id 12061 localhost 127.0.0.1 root 
Trx read view will not see trx with id >= 241, sees < 241
--------
FILE I/O
--------
I/O thread 0 state: native aio handle (insert buffer thread)
I/O thread 1 state: native aio handle (log thread)
I/O thread 2 state: native aio handle (read thread)
I/O thread 3 state: native aio handle (read thread)
I/O thread 4 state: native aio handle (read thread)
I/O thread 5 state: native aio handle (read thread)
I/O thread 6 state: native aio handle (write thread)
I/O thread 7 state: native aio handle (write thread)
I/O thread 8 state: native aio handle (write thread)
I/O thread 9 state: native aio handle (write thread)
Pending normal aio reads: [0, 0, 0, 0] , aio writes: [0, 0, 0, 0] ,
 ibuf aio reads:, log i/o's:, sync i/o's:
Pending flushes (fsync) log: 0; buffer pool: 0
510 OS file reads, 500 OS file writes, 129 OS fsyncs
0.50 reads/s, 16384 avg bytes/read, 0.25 writes/s, 0.20 fsyncs/s
-------------------------------------
INSERT BUFFER AND ADAPTIVE HASH INDEX
-------------------------------------
Ibuf: size 1, free list len 0, seg size 2, 0 merges
merged operations:
 insert 0, delete mark 0, delete 0
discarded operations:
 insert 0, delete mark 0, delete 0
Hash table size 4441, node heap has 0 buffer(s)
Hash table size 4441, node heap has 0 buffer(s)
Hash table size 4441, node heap has 0 buffer(s)
Hash table size 4441, node heap has 0 buffer(s)
Hash table size 4441, node heap has 3 buffer(s)
Hash table size 4441, node heap has 7 buffer(s)
Hash table size 4441, node heap has 1 buffer(s)
Hash table size 4441, node heap has 0 buffer(s)
1.25 hash searches/s, 1.10 non-hash searches/s
---
LOG
---
Log sequence number 1335550
Log flushed up to   1335550
Pages flushed up to 1335550
Last checkpoint at  300288
0 pending log flushes, 1 pending chkp writes
47 log i/o's done, 0.05 log i/o's/second
----------------------
BUFFER POOL AND MEMORY
----------------------
Total large memory allocated 33554432
Dictionary memory allocated 85136
Buffer pool size   1003
Free buffers       736
Database pages     256
Old database pages 0
Modified db pages  0
Percent of dirty pages(LRU & free pages): 0.000
Max dirty pages percent: 75.000
Pending reads 0
Pending writes: LRU 0, flush list 0, single page 0
Pages made young 0, not young 0
0.00 youngs/s, 0.00 non-youngs/s
Pages read 474, created 192, written 441
0.50 reads/s, 0.00 creates/s, 0.15 writes/s
Buffer pool hit rate 982 / 1000, young-making rate 0 / 1000 not 0 / 1000
Pages read ahead 0.00/s, evicted without access 0.00/s, Random read ahead 0.00/s
LRU len: 256, unzip_LRU len: 0
I/O sum[12]:cur[13], unzip sum[0]:cur[0]
--------------
ROW OPERATIONS
--------------
0 queries inside InnoDB, 0 queries in queue
1 read views open inside InnoDB
Process ID=15500, Main thread ID=18044, state: making checkpoint
Number of rows inserted 5303, updated 4, deleted 0, read 8252
0.05 inserts/s, 0.00 updates/s, 0.00 deletes/s, 206.64 reads/s
Number of system rows inserted 0, updated 0, deleted 0, read 0
0.00 inserts/s, 0.00 updates/s, 0.00 deletes/s, 0.00 reads/s
----------------------------
END OF INNODB MONITOR OUTPUT
============================
InnoDB: ###### Diagnostic info printed to the standard error stream
2025-07-18 15:59:24 0 [Warning] InnoDB: A long semaphore wait:
--Thread 18044 has waited at log0log.cc line 1392 for 303.00 seconds the semaphore:
S-lock on RW-latch at 00007FF7259341D0 created in file log0log.cc line 579
a writer (thread id 0) has reserved it in mode  exclusive
number of readers 0, waiters flag 1, lock_word: 0
Last time write locked in file log0log.cc line 1342
2025-07-18 15:59:24 0 [Note] InnoDB: A semaphore wait:
--Thread 18044 has waited at log0log.cc line 1392 for 303.00 seconds the semaphore:
S-lock on RW-latch at 00007FF7259341D0 created in file log0log.cc line 579
a writer (thread id 0) has reserved it in mode  exclusive
number of readers 0, waiters flag 1, lock_word: 0
Last time write locked in file log0log.cc line 1342
InnoDB: ###### Starts InnoDB Monitor for 30 secs to print diagnostic info:
InnoDB: Pending reads 0, writes 0

=====================================
2025-07-18 15:59:40 0x14dc INNODB MONITOR OUTPUT
=====================================
Per second averages calculated from the last 20 seconds
-----------------
BACKGROUND THREAD
-----------------
srv_master_thread loops: 0 srv_active, 0 srv_shutdown, 1 srv_idle
srv_master_thread log flush and writes: 1
----------
SEMAPHORES
----------
OS WAIT ARRAY INFO: reservation count 43
--Thread 18044 has waited at log0log.cc line 1392 for 319.00 seconds the semaphore:
S-lock on RW-latch at 00007FF7259341D0 created in file log0log.cc line 579
a writer (thread id 0) has reserved it in mode  exclusive
number of readers 0, waiters flag 1, lock_word: 0
Last time write locked in file log0log.cc line 1342
OS WAIT ARRAY INFO: signal count 103
RW-shared spins 451, rounds 1318, OS waits 24
RW-excl spins 888, rounds 1982, OS waits 3
RW-sx spins 2, rounds 60, OS waits 2
Spin rounds per wait: 2.92 RW-shared, 2.23 RW-excl, 30.00 RW-sx
------------
TRANSACTIONS
------------
Trx id counter 243
Purge done for trx's n:o < 242 undo n:o < 0 state: running but idle
History list length 7
LIST OF TRANSACTIONS FOR EACH SESSION:
---TRANSACTION 283018632990864, ACTIVE 66 sec
0 lock struct(s), heap size 1128, 0 row lock(s)
MySQL thread id 54, OS thread handle 17652, query id 12061 localhost 127.0.0.1 root 
Trx read view will not see trx with id >= 241, sees < 241
--------
FILE I/O
--------
I/O thread 0 state: native aio handle (insert buffer thread)
I/O thread 1 state: native aio handle (log thread)
I/O thread 2 state: native aio handle (read thread)
I/O thread 3 state: native aio handle (read thread)
I/O thread 4 state: native aio handle (read thread)
I/O thread 5 state: native aio handle (read thread)
I/O thread 6 state: native aio handle (write thread)
I/O thread 7 state: native aio handle (write thread)
I/O thread 8 state: native aio handle (write thread)
I/O thread 9 state: native aio handle (write thread)
Pending normal aio reads: [0, 0, 0, 0] , aio writes: [0, 0, 0, 0] ,
 ibuf aio reads:, log i/o's:, sync i/o's:
Pending flushes (fsync) log: 0; buffer pool: 0
510 OS file reads, 500 OS file writes, 129 OS fsyncs
0.00 reads/s, 0 avg bytes/read, 0.00 writes/s, 0.00 fsyncs/s
-------------------------------------
INSERT BUFFER AND ADAPTIVE HASH INDEX
-------------------------------------
Ibuf: size 1, free list len 0, seg size 2, 0 merges
merged operations:
 insert 0, delete mark 0, delete 0
discarded operations:
 insert 0, delete mark 0, delete 0
Hash table size 4441, node heap has 0 buffer(s)
Hash table size 4441, node heap has 0 buffer(s)
Hash table size 4441, node heap has 0 buffer(s)
Hash table size 4441, node heap has 0 buffer(s)
Hash table size 4441, node heap has 3 buffer(s)
Hash table size 4441, node heap has 7 buffer(s)
Hash table size 4441, node heap has 1 buffer(s)
Hash table size 4441, node heap has 0 buffer(s)
0.00 hash searches/s, 0.00 non-hash searches/s
---
LOG
---
Log sequence number 1335550
Log flushed up to   1335550
Pages flushed up to 1335550
Last checkpoint at  300288
0 pending log flushes, 1 pending chkp writes
47 log i/o's done, 0.00 log i/o's/second
----------------------
BUFFER POOL AND MEMORY
----------------------
Total large memory allocated 33554432
Dictionary memory allocated 85136
Buffer pool size   1003
Free buffers       736
Database pages     256
Old database pages 0
Modified db pages  0
Percent of dirty pages(LRU & free pages): 0.000
Max dirty pages percent: 75.000
Pending reads 0
Pending writes: LRU 0, flush list 0, single page 0
Pages made young 0, not young 0
0.00 youngs/s, 0.00 non-youngs/s
Pages read 474, created 192, written 441
0.00 reads/s, 0.00 creates/s, 0.00 writes/s
No buffer pool page gets since the last printout
Pages read ahead 0.00/s, evicted without access 0.00/s, Random read ahead 0.00/s
LRU len: 256, unzip_LRU len: 0
I/O sum[19]:cur[0], unzip sum[0]:cur[0]
--------------
ROW OPERATIONS
--------------
0 queries inside InnoDB, 0 queries in queue
1 read views open inside InnoDB
Process ID=15500, Main thread ID=18044, state: making checkpoint
Number of rows inserted 5303, updated 4, deleted 0, read 8252
0.00 inserts/s, 0.00 updates/s, 0.00 deletes/s, 0.00 reads/s
Number of system rows inserted 0, updated 0, deleted 0, read 0
0.00 inserts/s, 0.00 updates/s, 0.00 deletes/s, 0.00 reads/s
----------------------------
END OF INNODB MONITOR OUTPUT
============================
InnoDB: ###### Diagnostic info printed to the standard error stream
2025-07-18 15:59:55 0 [Warning] InnoDB: A long semaphore wait:
--Thread 18044 has waited at log0log.cc line 1392 for 334.00 seconds the semaphore:
S-lock on RW-latch at 00007FF7259341D0 created in file log0log.cc line 579
a writer (thread id 0) has reserved it in mode  exclusive
number of readers 0, waiters flag 1, lock_word: 0
Last time write locked in file log0log.cc line 1342
2025-07-18 15:59:55 0 [Note] InnoDB: A semaphore wait:
--Thread 18044 has waited at log0log.cc line 1392 for 334.00 seconds the semaphore:
S-lock on RW-latch at 00007FF7259341D0 created in file log0log.cc line 579
a writer (thread id 0) has reserved it in mode  exclusive
number of readers 0, waiters flag 1, lock_word: 0
Last time write locked in file log0log.cc line 1342
InnoDB: ###### Starts InnoDB Monitor for 30 secs to print diagnostic info:
InnoDB: Pending reads 0, writes 0

=====================================
2025-07-18 16:00:00 0x14dc INNODB MONITOR OUTPUT
=====================================
Per second averages calculated from the last 20 seconds
-----------------
BACKGROUND THREAD
-----------------
srv_master_thread loops: 0 srv_active, 0 srv_shutdown, 1 srv_idle
srv_master_thread log flush and writes: 1
----------
SEMAPHORES
----------
OS WAIT ARRAY INFO: reservation count 43
--Thread 18044 has waited at log0log.cc line 1392 for 339.00 seconds the semaphore:
S-lock on RW-latch at 00007FF7259341D0 created in file log0log.cc line 579
a writer (thread id 0) has reserved it in mode  exclusive
number of readers 0, waiters flag 1, lock_word: 0
Last time write locked in file log0log.cc line 1342
OS WAIT ARRAY INFO: signal count 103
RW-shared spins 451, rounds 1318, OS waits 24
RW-excl spins 888, rounds 1982, OS waits 3
RW-sx spins 2, rounds 60, OS waits 2
Spin rounds per wait: 2.92 RW-shared, 2.23 RW-excl, 30.00 RW-sx
------------
TRANSACTIONS
------------
Trx id counter 243
Purge done for trx's n:o < 242 undo n:o < 0 state: running but idle
History list length 7
LIST OF TRANSACTIONS FOR EACH SESSION:
---TRANSACTION 283018632995032, ACTIVE 1 sec
0 lock struct(s), heap size 1128, 0 row lock(s)
MySQL thread id 55, OS thread handle 17652, query id 12281 localhost 127.0.0.1 root 
Trx read view will not see trx with id >= 243, sees < 243
---TRANSACTION 283018632990864, ACTIVE 86 sec
0 lock struct(s), heap size 1128, 0 row lock(s)
MySQL thread id 54, OS thread handle 17652, query id 12061 localhost 127.0.0.1 root 
Trx read view will not see trx with id >= 241, sees < 241
--------
FILE I/O
--------
I/O thread 0 state: native aio handle (insert buffer thread)
I/O thread 1 state: native aio handle (log thread)
I/O thread 2 state: native aio handle (read thread)
I/O thread 3 state: native aio handle (read thread)
I/O thread 4 state: native aio handle (read thread)
I/O thread 5 state: native aio handle (read thread)
I/O thread 6 state: native aio handle (write thread)
I/O thread 7 state: native aio handle (write thread)
I/O thread 8 state: native aio handle (write thread)
I/O thread 9 state: native aio handle (write thread)
Pending normal aio reads: [0, 0, 0, 0] , aio writes: [0, 0, 0, 0] ,
 ibuf aio reads:, log i/o's:, sync i/o's:
Pending flushes (fsync) log: 0; buffer pool: 0
510 OS file reads, 500 OS file writes, 129 OS fsyncs
0.00 reads/s, 0 avg bytes/read, 0.00 writes/s, 0.00 fsyncs/s
-------------------------------------
INSERT BUFFER AND ADAPTIVE HASH INDEX
-------------------------------------
Ibuf: size 1, free list len 0, seg size 2, 0 merges
merged operations:
 insert 0, delete mark 0, delete 0
discarded operations:
 insert 0, delete mark 0, delete 0
Hash table size 4441, node heap has 0 buffer(s)
Hash table size 4441, node heap has 0 buffer(s)
Hash table size 4441, node heap has 0 buffer(s)
Hash table size 4441, node heap has 0 buffer(s)
Hash table size 4441, node heap has 3 buffer(s)
Hash table size 4441, node heap has 7 buffer(s)
Hash table size 4441, node heap has 1 buffer(s)
Hash table size 4441, node heap has 0 buffer(s)
0.00 hash searches/s, 0.15 non-hash searches/s
---
LOG
---
Log sequence number 1335550
Log flushed up to   1335550
Pages flushed up to 1335550
Last checkpoint at  300288
0 pending log flushes, 1 pending chkp writes
47 log i/o's done, 0.00 log i/o's/second
----------------------
BUFFER POOL AND MEMORY
----------------------
Total large memory allocated 33554432
Dictionary memory allocated 85136
Buffer pool size   1003
Free buffers       736
Database pages     256
Old database pages 0
Modified db pages  0
Percent of dirty pages(LRU & free pages): 0.000
Max dirty pages percent: 75.000
Pending reads 0
Pending writes: LRU 0, flush list 0, single page 0
Pages made young 0, not young 0
0.00 youngs/s, 0.00 non-youngs/s
Pages read 474, created 192, written 441
0.00 reads/s, 0.00 creates/s, 0.00 writes/s
Buffer pool hit rate 1000 / 1000, young-making rate 0 / 1000 not 0 / 1000
Pages read ahead 0.00/s, evicted without access 0.00/s, Random read ahead 0.00/s
LRU len: 256, unzip_LRU len: 0
I/O sum[19]:cur[0], unzip sum[0]:cur[0]
--------------
ROW OPERATIONS
--------------
0 queries inside InnoDB, 0 queries in queue
2 read views open inside InnoDB
Process ID=15500, Main thread ID=18044, state: making checkpoint
Number of rows inserted 5303, updated 4, deleted 0, read 8252
0.00 inserts/s, 0.00 updates/s, 0.00 deletes/s, 0.00 reads/s
Number of system rows inserted 0, updated 0, deleted 0, read 0
0.00 inserts/s, 0.00 updates/s, 0.00 deletes/s, 0.00 reads/s
----------------------------
END OF INNODB MONITOR OUTPUT
============================

=====================================
2025-07-18 16:00:20 0x14dc INNODB MONITOR OUTPUT
=====================================
Per second averages calculated from the last 20 seconds
-----------------
BACKGROUND THREAD
-----------------
srv_master_thread loops: 0 srv_active, 0 srv_shutdown, 1 srv_idle
srv_master_thread log flush and writes: 1
----------
SEMAPHORES
----------
OS WAIT ARRAY INFO: reservation count 43
--Thread 18044 has waited at log0log.cc line 1392 for 359.00 seconds the semaphore:
S-lock on RW-latch at 00007FF7259341D0 created in file log0log.cc line 579
a writer (thread id 0) has reserved it in mode  exclusive
number of readers 0, waiters flag 1, lock_word: 0
Last time write locked in file log0log.cc line 1342
OS WAIT ARRAY INFO: signal count 103
RW-shared spins 451, rounds 1318, OS waits 24
RW-excl spins 888, rounds 1982, OS waits 3
RW-sx spins 2, rounds 60, OS waits 2
Spin rounds per wait: 2.92 RW-shared, 2.23 RW-excl, 30.00 RW-sx
------------
TRANSACTIONS
------------
Trx id counter 243
Purge done for trx's n:o < 242 undo n:o < 0 state: running but idle
History list length 7
LIST OF TRANSACTIONS FOR EACH SESSION:
---TRANSACTION 283018632995032, ACTIVE 21 sec
0 lock struct(s), heap size 1128, 0 row lock(s)
MySQL thread id 55, OS thread handle 17652, query id 12282 localhost 127.0.0.1 root 
Trx read view will not see trx with id >= 243, sees < 243
---TRANSACTION 283018632990864, ACTIVE 106 sec
0 lock struct(s), heap size 1128, 0 row lock(s)
MySQL thread id 54, OS thread handle 17652, query id 12061 localhost 127.0.0.1 root 
Trx read view will not see trx with id >= 241, sees < 241
--------
FILE I/O
--------
I/O thread 0 state: native aio handle (insert buffer thread)
I/O thread 1 state: native aio handle (log thread)
I/O thread 2 state: native aio handle (read thread)
I/O thread 3 state: native aio handle (read thread)
I/O thread 4 state: native aio handle (read thread)
I/O thread 5 state: native aio handle (read thread)
I/O thread 6 state: native aio handle (write thread)
I/O thread 7 state: native aio handle (write thread)
I/O thread 8 state: native aio handle (write thread)
I/O thread 9 state: native aio handle (write thread)
Pending normal aio reads: [0, 0, 0, 0] , aio writes: [0, 0, 0, 0] ,
 ibuf aio reads:, log i/o's:, sync i/o's:
Pending flushes (fsync) log: 0; buffer pool: 0
510 OS file reads, 500 OS file writes, 129 OS fsyncs
0.00 reads/s, 0 avg bytes/read, 0.00 writes/s, 0.00 fsyncs/s
-------------------------------------
INSERT BUFFER AND ADAPTIVE HASH INDEX
-------------------------------------
Ibuf: size 1, free list len 0, seg size 2, 0 merges
merged operations:
 insert 0, delete mark 0, delete 0
discarded operations:
 insert 0, delete mark 0, delete 0
Hash table size 4441, node heap has 0 buffer(s)
Hash table size 4441, node heap has 0 buffer(s)
Hash table size 4441, node heap has 0 buffer(s)
Hash table size 4441, node heap has 0 buffer(s)
Hash table size 4441, node heap has 3 buffer(s)
Hash table size 4441, node heap has 7 buffer(s)
Hash table size 4441, node heap has 1 buffer(s)
Hash table size 4441, node heap has 0 buffer(s)
2.95 hash searches/s, 0.15 non-hash searches/s
---
LOG
---
Log sequence number 1335550
Log flushed up to   1335550
Pages flushed up to 1335550
Last checkpoint at  300288
0 pending log flushes, 1 pending chkp writes
47 log i/o's done, 0.00 log i/o's/second
----------------------
BUFFER POOL AND MEMORY
----------------------
Total large memory allocated 33554432
Dictionary memory allocated 85136
Buffer pool size   1003
Free buffers       736
Database pages     256
Old database pages 0
Modified db pages  0
Percent of dirty pages(LRU & free pages): 0.000
Max dirty pages percent: 75.000
Pending reads 0
Pending writes: LRU 0, flush list 0, single page 0
Pages made young 0, not young 0
0.00 youngs/s, 0.00 non-youngs/s
Pages read 474, created 192, written 441
0.00 reads/s, 0.00 creates/s, 0.00 writes/s
Buffer pool hit rate 1000 / 1000, young-making rate 0 / 1000 not 0 / 1000
Pages read ahead 0.00/s, evicted without access 0.00/s, Random read ahead 0.00/s
LRU len: 256, unzip_LRU len: 0
I/O sum[19]:cur[0], unzip sum[0]:cur[0]
--------------
ROW OPERATIONS
--------------
0 queries inside InnoDB, 0 queries in queue
2 read views open inside InnoDB
Process ID=15500, Main thread ID=18044, state: making checkpoint
Number of rows inserted 5303, updated 4, deleted 0, read 8311
0.00 inserts/s, 0.00 updates/s, 0.00 deletes/s, 2.95 reads/s
Number of system rows inserted 0, updated 0, deleted 0, read 0
0.00 inserts/s, 0.00 updates/s, 0.00 deletes/s, 0.00 reads/s
----------------------------
END OF INNODB MONITOR OUTPUT
============================
InnoDB: ###### Diagnostic info printed to the standard error stream
2025-07-18 16:00:26 0 [Warning] InnoDB: A long semaphore wait:
--Thread 18044 has waited at log0log.cc line 1392 for 365.00 seconds the semaphore:
S-lock on RW-latch at 00007FF7259341D0 created in file log0log.cc line 579
a writer (thread id 0) has reserved it in mode  exclusive
number of readers 0, waiters flag 1, lock_word: 0
Last time write locked in file log0log.cc line 1342
2025-07-18 16:00:26 0 [Note] InnoDB: A semaphore wait:
--Thread 18044 has waited at log0log.cc line 1392 for 365.00 seconds the semaphore:
S-lock on RW-latch at 00007FF7259341D0 created in file log0log.cc line 579
a writer (thread id 0) has reserved it in mode  exclusive
number of readers 0, waiters flag 1, lock_word: 0
Last time write locked in file log0log.cc line 1342
InnoDB: ###### Starts InnoDB Monitor for 30 secs to print diagnostic info:
InnoDB: Pending reads 0, writes 0

=====================================
2025-07-18 16:00:40 0x14dc INNODB MONITOR OUTPUT
=====================================
Per second averages calculated from the last 20 seconds
-----------------
BACKGROUND THREAD
-----------------
srv_master_thread loops: 0 srv_active, 0 srv_shutdown, 1 srv_idle
srv_master_thread log flush and writes: 1
----------
SEMAPHORES
----------
OS WAIT ARRAY INFO: reservation count 43
--Thread 18044 has waited at log0log.cc line 1392 for 379.00 seconds the semaphore:
S-lock on RW-latch at 00007FF7259341D0 created in file log0log.cc line 579
a writer (thread id 0) has reserved it in mode  exclusive
number of readers 0, waiters flag 1, lock_word: 0
Last time write locked in file log0log.cc line 1342
OS WAIT ARRAY INFO: signal count 103
RW-shared spins 451, rounds 1318, OS waits 24
RW-excl spins 888, rounds 1982, OS waits 3
RW-sx spins 2, rounds 60, OS waits 2
Spin rounds per wait: 2.92 RW-shared, 2.23 RW-excl, 30.00 RW-sx
------------
TRANSACTIONS
------------
Trx id counter 243
Purge done for trx's n:o < 242 undo n:o < 0 state: running but idle
History list length 7
LIST OF TRANSACTIONS FOR EACH SESSION:
---TRANSACTION 283018632995032, not started
0 lock struct(s), heap size 1128, 0 row lock(s)
---TRANSACTION 283018632990864, ACTIVE 126 sec
0 lock struct(s), heap size 1128, 0 row lock(s)
MySQL thread id 54, OS thread handle 17652, query id 12061 localhost 127.0.0.1 root 
Trx read view will not see trx with id >= 241, sees < 241
--------
FILE I/O
--------
I/O thread 0 state: native aio handle (insert buffer thread)
I/O thread 1 state: native aio handle (log thread)
I/O thread 2 state: native aio handle (read thread)
I/O thread 3 state: native aio handle (read thread)
I/O thread 4 state: native aio handle (read thread)
I/O thread 5 state: native aio handle (read thread)
I/O thread 6 state: native aio handle (write thread)
I/O thread 7 state: native aio handle (write thread)
I/O thread 8 state: native aio handle (write thread)
I/O thread 9 state: native aio handle (write thread)
Pending normal aio reads: [0, 0, 0, 0] , aio writes: [0, 0, 0, 0] ,
 ibuf aio reads:, log i/o's:, sync i/o's:
Pending flushes (fsync) log: 0; buffer pool: 0
510 OS file reads, 500 OS file writes, 129 OS fsyncs
0.00 reads/s, 0 avg bytes/read, 0.00 writes/s, 0.00 fsyncs/s
-------------------------------------
INSERT BUFFER AND ADAPTIVE HASH INDEX
-------------------------------------
Ibuf: size 1, free list len 0, seg size 2, 0 merges
merged operations:
 insert 0, delete mark 0, delete 0
discarded operations:
 insert 0, delete mark 0, delete 0
Hash table size 4441, node heap has 0 buffer(s)
Hash table size 4441, node heap has 0 buffer(s)
Hash table size 4441, node heap has 0 buffer(s)
Hash table size 4441, node heap has 0 buffer(s)
Hash table size 4441, node heap has 3 buffer(s)
Hash table size 4441, node heap has 7 buffer(s)
Hash table size 4441, node heap has 1 buffer(s)
Hash table size 4441, node heap has 0 buffer(s)
0.00 hash searches/s, 0.00 non-hash searches/s
---
LOG
---
Log sequence number 1335550
Log flushed up to   1335550
Pages flushed up to 1335550
Last checkpoint at  300288
0 pending log flushes, 1 pending chkp writes
47 log i/o's done, 0.00 log i/o's/second
----------------------
BUFFER POOL AND MEMORY
----------------------
Total large memory allocated 33554432
Dictionary memory allocated 85136
Buffer pool size   1003
Free buffers       736
Database pages     256
Old database pages 0
Modified db pages  0
Percent of dirty pages(LRU & free pages): 0.000
Max dirty pages percent: 75.000
Pending reads 0
Pending writes: LRU 0, flush list 0, single page 0
Pages made young 0, not young 0
0.00 youngs/s, 0.00 non-youngs/s
Pages read 474, created 192, written 441
0.00 reads/s, 0.00 creates/s, 0.00 writes/s
No buffer pool page gets since the last printout
Pages read ahead 0.00/s, evicted without access 0.00/s, Random read ahead 0.00/s
LRU len: 256, unzip_LRU len: 0
I/O sum[19]:cur[0], unzip sum[0]:cur[0]
--------------
ROW OPERATIONS
--------------
0 queries inside InnoDB, 0 queries in queue
1 read views open inside InnoDB
Process ID=15500, Main thread ID=18044, state: making checkpoint
Number of rows inserted 5303, updated 4, deleted 0, read 8311
0.00 inserts/s, 0.00 updates/s, 0.00 deletes/s, 0.00 reads/s
Number of system rows inserted 0, updated 0, deleted 0, read 0
0.00 inserts/s, 0.00 updates/s, 0.00 deletes/s, 0.00 reads/s
----------------------------
END OF INNODB MONITOR OUTPUT
============================
InnoDB: ###### Diagnostic info printed to the standard error stream
2025-07-18 16:00:57 0 [Warning] InnoDB: A long semaphore wait:
--Thread 18044 has waited at log0log.cc line 1392 for 396.00 seconds the semaphore:
S-lock on RW-latch at 00007FF7259341D0 created in file log0log.cc line 579
a writer (thread id 0) has reserved it in mode  exclusive
number of readers 0, waiters flag 1, lock_word: 0
Last time write locked in file log0log.cc line 1342
2025-07-18 16:00:57 0 [Note] InnoDB: A semaphore wait:
--Thread 18044 has waited at log0log.cc line 1392 for 396.00 seconds the semaphore:
S-lock on RW-latch at 00007FF7259341D0 created in file log0log.cc line 579
a writer (thread id 0) has reserved it in mode  exclusive
number of readers 0, waiters flag 1, lock_word: 0
Last time write locked in file log0log.cc line 1342
InnoDB: ###### Starts InnoDB Monitor for 30 secs to print diagnostic info:
InnoDB: Pending reads 0, writes 0

=====================================
2025-07-18 16:01:00 0x14dc INNODB MONITOR OUTPUT
=====================================
Per second averages calculated from the last 20 seconds
-----------------
BACKGROUND THREAD
-----------------
srv_master_thread loops: 0 srv_active, 0 srv_shutdown, 1 srv_idle
srv_master_thread log flush and writes: 1
----------
SEMAPHORES
----------
OS WAIT ARRAY INFO: reservation count 43
--Thread 18044 has waited at log0log.cc line 1392 for 399.00 seconds the semaphore:
S-lock on RW-latch at 00007FF7259341D0 created in file log0log.cc line 579
a writer (thread id 0) has reserved it in mode  exclusive
number of readers 0, waiters flag 1, lock_word: 0
Last time write locked in file log0log.cc line 1342
OS WAIT ARRAY INFO: signal count 103
RW-shared spins 451, rounds 1318, OS waits 24
RW-excl spins 888, rounds 1982, OS waits 3
RW-sx spins 2, rounds 60, OS waits 2
Spin rounds per wait: 2.92 RW-shared, 2.23 RW-excl, 30.00 RW-sx
------------
TRANSACTIONS
------------
Trx id counter 243
Purge done for trx's n:o < 242 undo n:o < 0 state: running but idle
History list length 7
LIST OF TRANSACTIONS FOR EACH SESSION:
---TRANSACTION 283018632995032, ACTIVE 12 sec
0 lock struct(s), heap size 1128, 0 row lock(s)
MySQL thread id 55, OS thread handle 17652, query id 12285 localhost 127.0.0.1 root 
Trx read view will not see trx with id >= 243, sees < 243
---TRANSACTION 283018632990864, ACTIVE 146 sec
0 lock struct(s), heap size 1128, 0 row lock(s)
MySQL thread id 54, OS thread handle 17652, query id 12061 localhost 127.0.0.1 root 
Trx read view will not see trx with id >= 241, sees < 241
--------
FILE I/O
--------
I/O thread 0 state: native aio handle (insert buffer thread)
I/O thread 1 state: native aio handle (log thread)
I/O thread 2 state: native aio handle (read thread)
I/O thread 3 state: native aio handle (read thread)
I/O thread 4 state: native aio handle (read thread)
I/O thread 5 state: native aio handle (read thread)
I/O thread 6 state: native aio handle (write thread)
I/O thread 7 state: native aio handle (write thread)
I/O thread 8 state: native aio handle (write thread)
I/O thread 9 state: native aio handle (write thread)
Pending normal aio reads: [0, 0, 0, 0] , aio writes: [0, 0, 0, 0] ,
 ibuf aio reads:, log i/o's:, sync i/o's:
Pending flushes (fsync) log: 0; buffer pool: 0
510 OS file reads, 500 OS file writes, 129 OS fsyncs
0.00 reads/s, 0 avg bytes/read, 0.00 writes/s, 0.00 fsyncs/s
-------------------------------------
INSERT BUFFER AND ADAPTIVE HASH INDEX
-------------------------------------
Ibuf: size 1, free list len 0, seg size 2, 0 merges
merged operations:
 insert 0, delete mark 0, delete 0
discarded operations:
 insert 0, delete mark 0, delete 0
Hash table size 4441, node heap has 0 buffer(s)
Hash table size 4441, node heap has 0 buffer(s)
Hash table size 4441, node heap has 0 buffer(s)
Hash table size 4441, node heap has 0 buffer(s)
Hash table size 4441, node heap has 3 buffer(s)
Hash table size 4441, node heap has 7 buffer(s)
Hash table size 4441, node heap has 1 buffer(s)
Hash table size 4441, node heap has 0 buffer(s)
2.95 hash searches/s, 0.15 non-hash searches/s
---
LOG
---
Log sequence number 1335550
Log flushed up to   1335550
Pages flushed up to 1335550
Last checkpoint at  300288
0 pending log flushes, 1 pending chkp writes
47 log i/o's done, 0.00 log i/o's/second
----------------------
BUFFER POOL AND MEMORY
----------------------
Total large memory allocated 33554432
Dictionary memory allocated 85136
Buffer pool size   1003
Free buffers       736
Database pages     256
Old database pages 0
Modified db pages  0
Percent of dirty pages(LRU & free pages): 0.000
Max dirty pages percent: 75.000
Pending reads 0
Pending writes: LRU 0, flush list 0, single page 0
Pages made young 0, not young 0
0.00 youngs/s, 0.00 non-youngs/s
Pages read 474, created 192, written 441
0.00 reads/s, 0.00 creates/s, 0.00 writes/s
Buffer pool hit rate 1000 / 1000, young-making rate 0 / 1000 not 0 / 1000
Pages read ahead 0.00/s, evicted without access 0.00/s, Random read ahead 0.00/s
LRU len: 256, unzip_LRU len: 0
I/O sum[19]:cur[0], unzip sum[0]:cur[0]
--------------
ROW OPERATIONS
--------------
0 queries inside InnoDB, 0 queries in queue
2 read views open inside InnoDB
Process ID=15500, Main thread ID=18044, state: making checkpoint
Number of rows inserted 5303, updated 4, deleted 0, read 8370
0.00 inserts/s, 0.00 updates/s, 0.00 deletes/s, 2.95 reads/s
Number of system rows inserted 0, updated 0, deleted 0, read 0
0.00 inserts/s, 0.00 updates/s, 0.00 deletes/s, 0.00 reads/s
----------------------------
END OF INNODB MONITOR OUTPUT
============================

=====================================
2025-07-18 16:01:20 0x14dc INNODB MONITOR OUTPUT
=====================================
Per second averages calculated from the last 20 seconds
-----------------
BACKGROUND THREAD
-----------------
srv_master_thread loops: 0 srv_active, 0 srv_shutdown, 1 srv_idle
srv_master_thread log flush and writes: 1
----------
SEMAPHORES
----------
OS WAIT ARRAY INFO: reservation count 43
--Thread 18044 has waited at log0log.cc line 1392 for 419.00 seconds the semaphore:
S-lock on RW-latch at 00007FF7259341D0 created in file log0log.cc line 579
a writer (thread id 0) has reserved it in mode  exclusive
number of readers 0, waiters flag 1, lock_word: 0
Last time write locked in file log0log.cc line 1342
OS WAIT ARRAY INFO: signal count 103
RW-shared spins 451, rounds 1318, OS waits 24
RW-excl spins 888, rounds 1982, OS waits 3
RW-sx spins 2, rounds 60, OS waits 2
Spin rounds per wait: 2.92 RW-shared, 2.23 RW-excl, 30.00 RW-sx
------------
TRANSACTIONS
------------
Trx id counter 243
Purge done for trx's n:o < 242 undo n:o < 0 state: running but idle
History list length 7
LIST OF TRANSACTIONS FOR EACH SESSION:
---TRANSACTION 283018632995032, ACTIVE 32 sec
0 lock struct(s), heap size 1128, 0 row lock(s)
MySQL thread id 55, OS thread handle 17652, query id 12285 localhost 127.0.0.1 root 
Trx read view will not see trx with id >= 243, sees < 243
---TRANSACTION 283018632990864, ACTIVE 166 sec
0 lock struct(s), heap size 1128, 0 row lock(s)
MySQL thread id 54, OS thread handle 17652, query id 12061 localhost 127.0.0.1 root 
Trx read view will not see trx with id >= 241, sees < 241
--------
FILE I/O
--------
I/O thread 0 state: native aio handle (insert buffer thread)
I/O thread 1 state: native aio handle (log thread)
I/O thread 2 state: native aio handle (read thread)
I/O thread 3 state: native aio handle (read thread)
I/O thread 4 state: native aio handle (read thread)
I/O thread 5 state: native aio handle (read thread)
I/O thread 6 state: native aio handle (write thread)
I/O thread 7 state: native aio handle (write thread)
I/O thread 8 state: native aio handle (write thread)
I/O thread 9 state: native aio handle (write thread)
Pending normal aio reads: [0, 0, 0, 0] , aio writes: [0, 0, 0, 0] ,
 ibuf aio reads:, log i/o's:, sync i/o's:
Pending flushes (fsync) log: 0; buffer pool: 0
510 OS file reads, 500 OS file writes, 129 OS fsyncs
0.00 reads/s, 0 avg bytes/read, 0.00 writes/s, 0.00 fsyncs/s
-------------------------------------
INSERT BUFFER AND ADAPTIVE HASH INDEX
-------------------------------------
Ibuf: size 1, free list len 0, seg size 2, 0 merges
merged operations:
 insert 0, delete mark 0, delete 0
discarded operations:
 insert 0, delete mark 0, delete 0
Hash table size 4441, node heap has 0 buffer(s)
Hash table size 4441, node heap has 0 buffer(s)
Hash table size 4441, node heap has 0 buffer(s)
Hash table size 4441, node heap has 0 buffer(s)
Hash table size 4441, node heap has 3 buffer(s)
Hash table size 4441, node heap has 7 buffer(s)
Hash table size 4441, node heap has 1 buffer(s)
Hash table size 4441, node heap has 0 buffer(s)
0.00 hash searches/s, 0.00 non-hash searches/s
---
LOG
---
Log sequence number 1335550
Log flushed up to   1335550
Pages flushed up to 1335550
Last checkpoint at  300288
0 pending log flushes, 1 pending chkp writes
47 log i/o's done, 0.00 log i/o's/second
----------------------
BUFFER POOL AND MEMORY
----------------------
Total large memory allocated 33554432
Dictionary memory allocated 85136
Buffer pool size   1003
Free buffers       736
Database pages     256
Old database pages 0
Modified db pages  0
Percent of dirty pages(LRU & free pages): 0.000
Max dirty pages percent: 75.000
Pending reads 0
Pending writes: LRU 0, flush list 0, single page 0
Pages made young 0, not young 0
0.00 youngs/s, 0.00 non-youngs/s
Pages read 474, created 192, written 441
0.00 reads/s, 0.00 creates/s, 0.00 writes/s
No buffer pool page gets since the last printout
Pages read ahead 0.00/s, evicted without access 0.00/s, Random read ahead 0.00/s
LRU len: 256, unzip_LRU len: 0
I/O sum[19]:cur[0], unzip sum[0]:cur[0]
--------------
ROW OPERATIONS
--------------
0 queries inside InnoDB, 0 queries in queue
2 read views open inside InnoDB
Process ID=15500, Main thread ID=18044, state: making checkpoint
Number of rows inserted 5303, updated 4, deleted 0, read 8370
0.00 inserts/s, 0.00 updates/s, 0.00 deletes/s, 0.00 reads/s
Number of system rows inserted 0, updated 0, deleted 0, read 0
0.00 inserts/s, 0.00 updates/s, 0.00 deletes/s, 0.00 reads/s
----------------------------
END OF INNODB MONITOR OUTPUT
============================
InnoDB: ###### Diagnostic info printed to the standard error stream
2025-07-18 16:01:28 0 [Warning] InnoDB: A long semaphore wait:
--Thread 18044 has waited at log0log.cc line 1392 for 427.00 seconds the semaphore:
S-lock on RW-latch at 00007FF7259341D0 created in file log0log.cc line 579
a writer (thread id 0) has reserved it in mode  exclusive
number of readers 0, waiters flag 1, lock_word: 0
Last time write locked in file log0log.cc line 1342
2025-07-18 16:01:28 0 [Note] InnoDB: A semaphore wait:
--Thread 18044 has waited at log0log.cc line 1392 for 427.00 seconds the semaphore:
S-lock on RW-latch at 00007FF7259341D0 created in file log0log.cc line 579
a writer (thread id 0) has reserved it in mode  exclusive
number of readers 0, waiters flag 1, lock_word: 0
Last time write locked in file log0log.cc line 1342
InnoDB: ###### Starts InnoDB Monitor for 30 secs to print diagnostic info:
InnoDB: Pending reads 0, writes 0

=====================================
2025-07-18 16:01:40 0x14dc INNODB MONITOR OUTPUT
=====================================
Per second averages calculated from the last 20 seconds
-----------------
BACKGROUND THREAD
-----------------
srv_master_thread loops: 0 srv_active, 0 srv_shutdown, 1 srv_idle
srv_master_thread log flush and writes: 1
----------
SEMAPHORES
----------
OS WAIT ARRAY INFO: reservation count 43
--Thread 18044 has waited at log0log.cc line 1392 for 439.00 seconds the semaphore:
S-lock on RW-latch at 00007FF7259341D0 created in file log0log.cc line 579
a writer (thread id 0) has reserved it in mode  exclusive
number of readers 0, waiters flag 1, lock_word: 0
Last time write locked in file log0log.cc line 1342
OS WAIT ARRAY INFO: signal count 103
RW-shared spins 451, rounds 1318, OS waits 24
RW-excl spins 888, rounds 1982, OS waits 3
RW-sx spins 2, rounds 60, OS waits 2
Spin rounds per wait: 2.92 RW-shared, 2.23 RW-excl, 30.00 RW-sx
------------
TRANSACTIONS
------------
Trx id counter 243
Purge done for trx's n:o < 242 undo n:o < 0 state: running but idle
History list length 7
LIST OF TRANSACTIONS FOR EACH SESSION:
---TRANSACTION 283018632995032, ACTIVE 52 sec
0 lock struct(s), heap size 1128, 0 row lock(s)
MySQL thread id 55, OS thread handle 17652, query id 12285 localhost 127.0.0.1 root 
Trx read view will not see trx with id >= 243, sees < 243
---TRANSACTION 283018632990864, ACTIVE 186 sec
0 lock struct(s), heap size 1128, 0 row lock(s)
MySQL thread id 54, OS thread handle 17652, query id 12061 localhost 127.0.0.1 root 
Trx read view will not see trx with id >= 241, sees < 241
--------
FILE I/O
--------
I/O thread 0 state: native aio handle (insert buffer thread)
I/O thread 1 state: native aio handle (log thread)
I/O thread 2 state: native aio handle (read thread)
I/O thread 3 state: native aio handle (read thread)
I/O thread 4 state: native aio handle (read thread)
I/O thread 5 state: native aio handle (read thread)
I/O thread 6 state: native aio handle (write thread)
I/O thread 7 state: native aio handle (write thread)
I/O thread 8 state: native aio handle (write thread)
I/O thread 9 state: native aio handle (write thread)
Pending normal aio reads: [0, 0, 0, 0] , aio writes: [0, 0, 0, 0] ,
 ibuf aio reads:, log i/o's:, sync i/o's:
Pending flushes (fsync) log: 0; buffer pool: 0
510 OS file reads, 500 OS file writes, 129 OS fsyncs
0.00 reads/s, 0 avg bytes/read, 0.00 writes/s, 0.00 fsyncs/s
-------------------------------------
INSERT BUFFER AND ADAPTIVE HASH INDEX
-------------------------------------
Ibuf: size 1, free list len 0, seg size 2, 0 merges
merged operations:
 insert 0, delete mark 0, delete 0
discarded operations:
 insert 0, delete mark 0, delete 0
Hash table size 4441, node heap has 0 buffer(s)
Hash table size 4441, node heap has 0 buffer(s)
Hash table size 4441, node heap has 0 buffer(s)
Hash table size 4441, node heap has 0 buffer(s)
Hash table size 4441, node heap has 3 buffer(s)
Hash table size 4441, node heap has 7 buffer(s)
Hash table size 4441, node heap has 1 buffer(s)
Hash table size 4441, node heap has 0 buffer(s)
0.00 hash searches/s, 0.00 non-hash searches/s
---
LOG
---
Log sequence number 1335550
Log flushed up to   1335550
Pages flushed up to 1335550
Last checkpoint at  300288
0 pending log flushes, 1 pending chkp writes
47 log i/o's done, 0.00 log i/o's/second
----------------------
BUFFER POOL AND MEMORY
----------------------
Total large memory allocated 33554432
Dictionary memory allocated 85136
Buffer pool size   1003
Free buffers       736
Database pages     256
Old database pages 0
Modified db pages  0
Percent of dirty pages(LRU & free pages): 0.000
Max dirty pages percent: 75.000
Pending reads 0
Pending writes: LRU 0, flush list 0, single page 0
Pages made young 0, not young 0
0.00 youngs/s, 0.00 non-youngs/s
Pages read 474, created 192, written 441
0.00 reads/s, 0.00 creates/s, 0.00 writes/s
No buffer pool page gets since the last printout
Pages read ahead 0.00/s, evicted without access 0.00/s, Random read ahead 0.00/s
LRU len: 256, unzip_LRU len: 0
I/O sum[19]:cur[0], unzip sum[0]:cur[0]
--------------
ROW OPERATIONS
--------------
0 queries inside InnoDB, 0 queries in queue
2 read views open inside InnoDB
Process ID=15500, Main thread ID=18044, state: making checkpoint
Number of rows inserted 5303, updated 4, deleted 0, read 8370
0.00 inserts/s, 0.00 updates/s, 0.00 deletes/s, 0.00 reads/s
Number of system rows inserted 0, updated 0, deleted 0, read 0
0.00 inserts/s, 0.00 updates/s, 0.00 deletes/s, 0.00 reads/s
----------------------------
END OF INNODB MONITOR OUTPUT
============================
InnoDB: ###### Diagnostic info printed to the standard error stream
2025-07-18 16:01:59 0 [Warning] InnoDB: A long semaphore wait:
--Thread 18044 has waited at log0log.cc line 1392 for 458.00 seconds the semaphore:
S-lock on RW-latch at 00007FF7259341D0 created in file log0log.cc line 579
a writer (thread id 0) has reserved it in mode  exclusive
number of readers 0, waiters flag 1, lock_word: 0
Last time write locked in file log0log.cc line 1342
2025-07-18 16:01:59 0 [Note] InnoDB: A semaphore wait:
--Thread 18044 has waited at log0log.cc line 1392 for 458.00 seconds the semaphore:
S-lock on RW-latch at 00007FF7259341D0 created in file log0log.cc line 579
a writer (thread id 0) has reserved it in mode  exclusive
number of readers 0, waiters flag 1, lock_word: 0
Last time write locked in file log0log.cc line 1342
InnoDB: ###### Starts InnoDB Monitor for 30 secs to print diagnostic info:
InnoDB: Pending reads 0, writes 0

=====================================
2025-07-18 16:02:00 0x14dc INNODB MONITOR OUTPUT
=====================================
Per second averages calculated from the last 20 seconds
-----------------
BACKGROUND THREAD
-----------------
srv_master_thread loops: 0 srv_active, 0 srv_shutdown, 1 srv_idle
srv_master_thread log flush and writes: 1
----------
SEMAPHORES
----------
OS WAIT ARRAY INFO: reservation count 43
--Thread 18044 has waited at log0log.cc line 1392 for 459.00 seconds the semaphore:
S-lock on RW-latch at 00007FF7259341D0 created in file log0log.cc line 579
a writer (thread id 0) has reserved it in mode  exclusive
number of readers 0, waiters flag 1, lock_word: 0
Last time write locked in file log0log.cc line 1342
OS WAIT ARRAY INFO: signal count 103
RW-shared spins 451, rounds 1318, OS waits 24
RW-excl spins 888, rounds 1982, OS waits 3
RW-sx spins 2, rounds 60, OS waits 2
Spin rounds per wait: 2.92 RW-shared, 2.23 RW-excl, 30.00 RW-sx
------------
TRANSACTIONS
------------
Trx id counter 243
Purge done for trx's n:o < 242 undo n:o < 0 state: running but idle
History list length 7
LIST OF TRANSACTIONS FOR EACH SESSION:
---TRANSACTION 283018632995032, ACTIVE 72 sec
0 lock struct(s), heap size 1128, 0 row lock(s)
MySQL thread id 55, OS thread handle 17652, query id 12286 localhost 127.0.0.1 root 
Trx read view will not see trx with id >= 243, sees < 243
---TRANSACTION 283018632990864, ACTIVE 206 sec
0 lock struct(s), heap size 1128, 0 row lock(s)
MySQL thread id 54, OS thread handle 17652, query id 12061 localhost 127.0.0.1 root 
Trx read view will not see trx with id >= 241, sees < 241
--------
FILE I/O
--------
I/O thread 0 state: native aio handle (insert buffer thread)
I/O thread 1 state: native aio handle (log thread)
I/O thread 2 state: native aio handle (read thread)
I/O thread 3 state: native aio handle (read thread)
I/O thread 4 state: native aio handle (read thread)
I/O thread 5 state: native aio handle (read thread)
I/O thread 6 state: native aio handle (write thread)
I/O thread 7 state: native aio handle (write thread)
I/O thread 8 state: native aio handle (write thread)
I/O thread 9 state: native aio handle (write thread)
Pending normal aio reads: [0, 0, 0, 0] , aio writes: [0, 0, 0, 0] ,
 ibuf aio reads:, log i/o's:, sync i/o's:
Pending flushes (fsync) log: 0; buffer pool: 0
510 OS file reads, 500 OS file writes, 129 OS fsyncs
0.00 reads/s, 0 avg bytes/read, 0.00 writes/s, 0.00 fsyncs/s
-------------------------------------
INSERT BUFFER AND ADAPTIVE HASH INDEX
-------------------------------------
Ibuf: size 1, free list len 0, seg size 2, 0 merges
merged operations:
 insert 0, delete mark 0, delete 0
discarded operations:
 insert 0, delete mark 0, delete 0
Hash table size 4441, node heap has 0 buffer(s)
Hash table size 4441, node heap has 0 buffer(s)
Hash table size 4441, node heap has 0 buffer(s)
Hash table size 4441, node heap has 0 buffer(s)
Hash table size 4441, node heap has 3 buffer(s)
Hash table size 4441, node heap has 7 buffer(s)
Hash table size 4441, node heap has 1 buffer(s)
Hash table size 4441, node heap has 0 buffer(s)
2.95 hash searches/s, 0.15 non-hash searches/s
---
LOG
---
Log sequence number 1335550
Log flushed up to   1335550
Pages flushed up to 1335550
Last checkpoint at  300288
0 pending log flushes, 1 pending chkp writes
47 log i/o's done, 0.00 log i/o's/second
----------------------
BUFFER POOL AND MEMORY
----------------------
Total large memory allocated 33554432
Dictionary memory allocated 85136
Buffer pool size   1003
Free buffers       736
Database pages     256
Old database pages 0
Modified db pages  0
Percent of dirty pages(LRU & free pages): 0.000
Max dirty pages percent: 75.000
Pending reads 0
Pending writes: LRU 0, flush list 0, single page 0
Pages made young 0, not young 0
0.00 youngs/s, 0.00 non-youngs/s
Pages read 474, created 192, written 441
0.00 reads/s, 0.00 creates/s, 0.00 writes/s
Buffer pool hit rate 1000 / 1000, young-making rate 0 / 1000 not 0 / 1000
Pages read ahead 0.00/s, evicted without access 0.00/s, Random read ahead 0.00/s
LRU len: 256, unzip_LRU len: 0
I/O sum[19]:cur[0], unzip sum[0]:cur[0]
--------------
ROW OPERATIONS
--------------
0 queries inside InnoDB, 0 queries in queue
2 read views open inside InnoDB
Process ID=15500, Main thread ID=18044, state: making checkpoint
Number of rows inserted 5303, updated 4, deleted 0, read 8429
0.00 inserts/s, 0.00 updates/s, 0.00 deletes/s, 2.95 reads/s
Number of system rows inserted 0, updated 0, deleted 0, read 0
0.00 inserts/s, 0.00 updates/s, 0.00 deletes/s, 0.00 reads/s
----------------------------
END OF INNODB MONITOR OUTPUT
============================

=====================================
2025-07-18 16:02:20 0x14dc INNODB MONITOR OUTPUT
=====================================
Per second averages calculated from the last 20 seconds
-----------------
BACKGROUND THREAD
-----------------
srv_master_thread loops: 0 srv_active, 0 srv_shutdown, 1 srv_idle
srv_master_thread log flush and writes: 1
----------
SEMAPHORES
----------
OS WAIT ARRAY INFO: reservation count 43
--Thread 18044 has waited at log0log.cc line 1392 for 479.00 seconds the semaphore:
S-lock on RW-latch at 00007FF7259341D0 created in file log0log.cc line 579
a writer (thread id 0) has reserved it in mode  exclusive
number of readers 0, waiters flag 1, lock_word: 0
Last time write locked in file log0log.cc line 1342
OS WAIT ARRAY INFO: signal count 103
RW-shared spins 451, rounds 1318, OS waits 24
RW-excl spins 888, rounds 1982, OS waits 3
RW-sx spins 2, rounds 60, OS waits 2
Spin rounds per wait: 2.92 RW-shared, 2.23 RW-excl, 30.00 RW-sx
------------
TRANSACTIONS
------------
Trx id counter 243
Purge done for trx's n:o < 242 undo n:o < 0 state: running but idle
History list length 7
LIST OF TRANSACTIONS FOR EACH SESSION:
---TRANSACTION 283018632995032, ACTIVE 93 sec
0 lock struct(s), heap size 1128, 0 row lock(s)
MySQL thread id 55, OS thread handle 17652, query id 12286 localhost 127.0.0.1 root 
Trx read view will not see trx with id >= 243, sees < 243
---TRANSACTION 283018632990864, ACTIVE 227 sec
0 lock struct(s), heap size 1128, 0 row lock(s)
MySQL thread id 54, OS thread handle 17652, query id 12061 localhost 127.0.0.1 root 
Trx read view will not see trx with id >= 241, sees < 241
--------
FILE I/O
--------
I/O thread 0 state: native aio handle (insert buffer thread)
I/O thread 1 state: native aio handle (log thread)
I/O thread 2 state: native aio handle (read thread)
I/O thread 3 state: native aio handle (read thread)
I/O thread 4 state: native aio handle (read thread)
I/O thread 5 state: native aio handle (read thread)
I/O thread 6 state: native aio handle (write thread)
I/O thread 7 state: native aio handle (write thread)
I/O thread 8 state: native aio handle (write thread)
I/O thread 9 state: native aio handle (write thread)
Pending normal aio reads: [0, 0, 0, 0] , aio writes: [0, 0, 0, 0] ,
 ibuf aio reads:, log i/o's:, sync i/o's:
Pending flushes (fsync) log: 0; buffer pool: 0
510 OS file reads, 500 OS file writes, 129 OS fsyncs
0.00 reads/s, 0 avg bytes/read, 0.00 writes/s, 0.00 fsyncs/s
-------------------------------------
INSERT BUFFER AND ADAPTIVE HASH INDEX
-------------------------------------
Ibuf: size 1, free list len 0, seg size 2, 0 merges
merged operations:
 insert 0, delete mark 0, delete 0
discarded operations:
 insert 0, delete mark 0, delete 0
Hash table size 4441, node heap has 0 buffer(s)
Hash table size 4441, node heap has 0 buffer(s)
Hash table size 4441, node heap has 0 buffer(s)
Hash table size 4441, node heap has 0 buffer(s)
Hash table size 4441, node heap has 3 buffer(s)
Hash table size 4441, node heap has 7 buffer(s)
Hash table size 4441, node heap has 1 buffer(s)
Hash table size 4441, node heap has 0 buffer(s)
0.00 hash searches/s, 0.00 non-hash searches/s
---
LOG
---
Log sequence number 1335550
Log flushed up to   1335550
Pages flushed up to 1335550
Last checkpoint at  300288
0 pending log flushes, 1 pending chkp writes
47 log i/o's done, 0.00 log i/o's/second
----------------------
BUFFER POOL AND MEMORY
----------------------
Total large memory allocated 33554432
Dictionary memory allocated 85136
Buffer pool size   1003
Free buffers       736
Database pages     256
Old database pages 0
Modified db pages  0
Percent of dirty pages(LRU & free pages): 0.000
Max dirty pages percent: 75.000
Pending reads 0
Pending writes: LRU 0, flush list 0, single page 0
Pages made young 0, not young 0
0.00 youngs/s, 0.00 non-youngs/s
Pages read 474, created 192, written 441
0.00 reads/s, 0.00 creates/s, 0.00 writes/s
No buffer pool page gets since the last printout
Pages read ahead 0.00/s, evicted without access 0.00/s, Random read ahead 0.00/s
LRU len: 256, unzip_LRU len: 0
I/O sum[19]:cur[0], unzip sum[0]:cur[0]
--------------
ROW OPERATIONS
--------------
0 queries inside InnoDB, 0 queries in queue
2 read views open inside InnoDB
Process ID=15500, Main thread ID=18044, state: making checkpoint
Number of rows inserted 5303, updated 4, deleted 0, read 8429
0.00 inserts/s, 0.00 updates/s, 0.00 deletes/s, 0.00 reads/s
Number of system rows inserted 0, updated 0, deleted 0, read 0
0.00 inserts/s, 0.00 updates/s, 0.00 deletes/s, 0.00 reads/s
----------------------------
END OF INNODB MONITOR OUTPUT
============================
InnoDB: ###### Diagnostic info printed to the standard error stream
2025-07-18 16:02:30 0 [Warning] InnoDB: A long semaphore wait:
--Thread 18044 has waited at log0log.cc line 1392 for 489.00 seconds the semaphore:
S-lock on RW-latch at 00007FF7259341D0 created in file log0log.cc line 579
a writer (thread id 0) has reserved it in mode  exclusive
number of readers 0, waiters flag 1, lock_word: 0
Last time write locked in file log0log.cc line 1342
2025-07-18 16:02:30 0 [Note] InnoDB: A semaphore wait:
--Thread 18044 has waited at log0log.cc line 1392 for 489.00 seconds the semaphore:
S-lock on RW-latch at 00007FF7259341D0 created in file log0log.cc line 579
a writer (thread id 0) has reserved it in mode  exclusive
number of readers 0, waiters flag 1, lock_word: 0
Last time write locked in file log0log.cc line 1342
InnoDB: ###### Starts InnoDB Monitor for 30 secs to print diagnostic info:
InnoDB: Pending reads 0, writes 0

=====================================
2025-07-18 16:02:36 0x14dc INNODB MONITOR OUTPUT
=====================================
Per second averages calculated from the last 16 seconds
-----------------
BACKGROUND THREAD
-----------------
srv_master_thread loops: 0 srv_active, 0 srv_shutdown, 1 srv_idle
srv_master_thread log flush and writes: 1
----------
SEMAPHORES
----------
OS WAIT ARRAY INFO: reservation count 43
--Thread 18044 has waited at log0log.cc line 1392 for 495.00 seconds the semaphore:
S-lock on RW-latch at 00007FF7259341D0 created in file log0log.cc line 579
a writer (thread id 0) has reserved it in mode  exclusive
number of readers 0, waiters flag 1, lock_word: 0
Last time write locked in file log0log.cc line 1342
OS WAIT ARRAY INFO: signal count 103
RW-shared spins 451, rounds 1318, OS waits 24
RW-excl spins 888, rounds 1982, OS waits 3
RW-sx spins 2, rounds 60, OS waits 2
Spin rounds per wait: 2.92 RW-shared, 2.23 RW-excl, 30.00 RW-sx
------------
TRANSACTIONS
------------
Trx id counter 243
Purge done for trx's n:o < 242 undo n:o < 0 state: running but idle
History list length 7
LIST OF TRANSACTIONS FOR EACH SESSION:
---TRANSACTION 283018632995032, ACTIVE 108 sec
0 lock struct(s), heap size 1128, 0 row lock(s)
MySQL thread id 55, OS thread handle 17652, query id 12286 localhost 127.0.0.1 root 
Trx read view will not see trx with id >= 243, sees < 243
---TRANSACTION 283018632990864, ACTIVE 242 sec
0 lock struct(s), heap size 1128, 0 row lock(s)
MySQL thread id 54, OS thread handle 17652, query id 12061 localhost 127.0.0.1 root 
Trx read view will not see trx with id >= 241, sees < 241
--------
FILE I/O
--------
I/O thread 0 state: native aio handle (insert buffer thread)
I/O thread 1 state: native aio handle (log thread)
I/O thread 2 state: native aio handle (read thread)
I/O thread 3 state: native aio handle (read thread)
I/O thread 4 state: native aio handle (read thread)
I/O thread 5 state: native aio handle (read thread)
I/O thread 6 state: native aio handle (write thread)
I/O thread 7 state: native aio handle (write thread)
I/O thread 8 state: native aio handle (write thread)
I/O thread 9 state: native aio handle (write thread)
Pending normal aio reads: [0, 0, 0, 0] , aio writes: [0, 0, 0, 0] ,
 ibuf aio reads:, log i/o's:, sync i/o's:
Pending flushes (fsync) log: 0; buffer pool: 0
510 OS file reads, 500 OS file writes, 129 OS fsyncs
0.00 reads/s, 0 avg bytes/read, 0.00 writes/s, 0.00 fsyncs/s
-------------------------------------
INSERT BUFFER AND ADAPTIVE HASH INDEX
-------------------------------------
Ibuf: size 1, free list len 0, seg size 2, 0 merges
merged operations:
 insert 0, delete mark 0, delete 0
discarded operations:
 insert 0, delete mark 0, delete 0
Hash table size 4441, node heap has 0 buffer(s)
Hash table size 4441, node heap has 0 buffer(s)
Hash table size 4441, node heap has 0 buffer(s)
Hash table size 4441, node heap has 0 buffer(s)
Hash table size 4441, node heap has 3 buffer(s)
Hash table size 4441, node heap has 7 buffer(s)
Hash table size 4441, node heap has 1 buffer(s)
Hash table size 4441, node heap has 0 buffer(s)
0.00 hash searches/s, 0.00 non-hash searches/s
---
LOG
---
Log sequence number 1335550
Log flushed up to   1335550
Pages flushed up to 1335550
Last checkpoint at  300288
0 pending log flushes, 1 pending chkp writes
47 log i/o's done, 0.00 log i/o's/second
----------------------
BUFFER POOL AND MEMORY
----------------------
Total large memory allocated 33554432
Dictionary memory allocated 85136
Buffer pool size   1003
Free buffers       736
Database pages     256
Old database pages 0
Modified db pages  0
Percent of dirty pages(LRU & free pages): 0.000
Max dirty pages percent: 75.000
Pending reads 0
Pending writes: LRU 0, flush list 0, single page 0
Pages made young 0, not young 0
0.00 youngs/s, 0.00 non-youngs/s
Pages read 474, created 192, written 441
0.00 reads/s, 0.00 creates/s, 0.00 writes/s
No buffer pool page gets since the last printout
Pages read ahead 0.00/s, evicted without access 0.00/s, Random read ahead 0.00/s
LRU len: 256, unzip_LRU len: 0
I/O sum[19]:cur[0], unzip sum[0]:cur[0]
--------------
ROW OPERATIONS
--------------
0 queries inside InnoDB, 0 queries in queue
2 read views open inside InnoDB
Process ID=15500, Main thread ID=18044, state: making checkpoint
Number of rows inserted 5303, updated 4, deleted 0, read 8429
0.00 inserts/s, 0.00 updates/s, 0.00 deletes/s, 0.00 reads/s
Number of system rows inserted 0, updated 0, deleted 0, read 0
0.00 inserts/s, 0.00 updates/s, 0.00 deletes/s, 0.00 reads/s
----------------------------
END OF INNODB MONITOR OUTPUT
============================

=====================================
2025-07-18 16:02:56 0x14dc INNODB MONITOR OUTPUT
=====================================
Per second averages calculated from the last 20 seconds
-----------------
BACKGROUND THREAD
-----------------
srv_master_thread loops: 0 srv_active, 0 srv_shutdown, 1 srv_idle
srv_master_thread log flush and writes: 1
----------
SEMAPHORES
----------
OS WAIT ARRAY INFO: reservation count 43
--Thread 18044 has waited at log0log.cc line 1392 for 515.00 seconds the semaphore:
S-lock on RW-latch at 00007FF7259341D0 created in file log0log.cc line 579
a writer (thread id 0) has reserved it in mode  exclusive
number of readers 0, waiters flag 1, lock_word: 0
Last time write locked in file log0log.cc line 1342
OS WAIT ARRAY INFO: signal count 103
RW-shared spins 451, rounds 1318, OS waits 24
RW-excl spins 888, rounds 1982, OS waits 3
RW-sx spins 2, rounds 60, OS waits 2
Spin rounds per wait: 2.92 RW-shared, 2.23 RW-excl, 30.00 RW-sx
------------
TRANSACTIONS
------------
Trx id counter 243
Purge done for trx's n:o < 242 undo n:o < 0 state: running but idle
History list length 7
LIST OF TRANSACTIONS FOR EACH SESSION:
---TRANSACTION 283018632995032, ACTIVE 128 sec
0 lock struct(s), heap size 1128, 0 row lock(s)
MySQL thread id 55, OS thread handle 17652, query id 12286 localhost 127.0.0.1 root 
Trx read view will not see trx with id >= 243, sees < 243
---TRANSACTION 283018632990864, ACTIVE 262 sec
0 lock struct(s), heap size 1128, 0 row lock(s)
MySQL thread id 54, OS thread handle 17652, query id 12061 localhost 127.0.0.1 root 
Trx read view will not see trx with id >= 241, sees < 241
--------
FILE I/O
--------
I/O thread 0 state: native aio handle (insert buffer thread)
I/O thread 1 state: native aio handle (log thread)
I/O thread 2 state: native aio handle (read thread)
I/O thread 3 state: native aio handle (read thread)
I/O thread 4 state: native aio handle (read thread)
I/O thread 5 state: native aio handle (read thread)
I/O thread 6 state: native aio handle (write thread)
I/O thread 7 state: native aio handle (write thread)
I/O thread 8 state: native aio handle (write thread)
I/O thread 9 state: native aio handle (write thread)
Pending normal aio reads: [0, 0, 0, 0] , aio writes: [0, 0, 0, 0] ,
 ibuf aio reads:, log i/o's:, sync i/o's:
Pending flushes (fsync) log: 0; buffer pool: 0
510 OS file reads, 500 OS file writes, 129 OS fsyncs
0.00 reads/s, 0 avg bytes/read, 0.00 writes/s, 0.00 fsyncs/s
-------------------------------------
INSERT BUFFER AND ADAPTIVE HASH INDEX
-------------------------------------
Ibuf: size 1, free list len 0, seg size 2, 0 merges
merged operations:
 insert 0, delete mark 0, delete 0
discarded operations:
 insert 0, delete mark 0, delete 0
Hash table size 4441, node heap has 0 buffer(s)
Hash table size 4441, node heap has 0 buffer(s)
Hash table size 4441, node heap has 0 buffer(s)
Hash table size 4441, node heap has 0 buffer(s)
Hash table size 4441, node heap has 3 buffer(s)
Hash table size 4441, node heap has 7 buffer(s)
Hash table size 4441, node heap has 1 buffer(s)
Hash table size 4441, node heap has 0 buffer(s)
0.00 hash searches/s, 0.00 non-hash searches/s
---
LOG
---
Log sequence number 1335550
Log flushed up to   1335550
Pages flushed up to 1335550
Last checkpoint at  300288
0 pending log flushes, 1 pending chkp writes
47 log i/o's done, 0.00 log i/o's/second
----------------------
BUFFER POOL AND MEMORY
----------------------
Total large memory allocated 33554432
Dictionary memory allocated 85136
Buffer pool size   1003
Free buffers       736
Database pages     256
Old database pages 0
Modified db pages  0
Percent of dirty pages(LRU & free pages): 0.000
Max dirty pages percent: 75.000
Pending reads 0
Pending writes: LRU 0, flush list 0, single page 0
Pages made young 0, not young 0
0.00 youngs/s, 0.00 non-youngs/s
Pages read 474, created 192, written 441
0.00 reads/s, 0.00 creates/s, 0.00 writes/s
No buffer pool page gets since the last printout
Pages read ahead 0.00/s, evicted without access 0.00/s, Random read ahead 0.00/s
LRU len: 256, unzip_LRU len: 0
I/O sum[19]:cur[0], unzip sum[0]:cur[0]
--------------
ROW OPERATIONS
--------------
0 queries inside InnoDB, 0 queries in queue
2 read views open inside InnoDB
Process ID=15500, Main thread ID=18044, state: making checkpoint
Number of rows inserted 5303, updated 4, deleted 0, read 8429
0.00 inserts/s, 0.00 updates/s, 0.00 deletes/s, 0.00 reads/s
Number of system rows inserted 0, updated 0, deleted 0, read 0
0.00 inserts/s, 0.00 updates/s, 0.00 deletes/s, 0.00 reads/s
----------------------------
END OF INNODB MONITOR OUTPUT
============================
2025-07-18 16:02:57 54 [Warning] Aborted connection 54 to db: 'world' user: 'root' host: 'localhost' (Got an error reading communication packets)
2025-07-18 16:02:57 55 [Warning] Aborted connection 55 to db: 'world' user: 'root' host: 'localhost' (Got an error reading communication packets)
InnoDB: ###### Diagnostic info printed to the standard error stream
2025-07-18 16:03:01 0 [Warning] InnoDB: A long semaphore wait:
--Thread 18044 has waited at log0log.cc line 1392 for 520.00 seconds the semaphore:
S-lock on RW-latch at 00007FF7259341D0 created in file log0log.cc line 579
a writer (thread id 0) has reserved it in mode  exclusive
number of readers 0, waiters flag 1, lock_word: 0
Last time write locked in file log0log.cc line 1342
2025-07-18 16:03:01 0 [Note] InnoDB: A semaphore wait:
--Thread 18044 has waited at log0log.cc line 1392 for 520.00 seconds the semaphore:
S-lock on RW-latch at 00007FF7259341D0 created in file log0log.cc line 579
a writer (thread id 0) has reserved it in mode  exclusive
number of readers 0, waiters flag 1, lock_word: 0
Last time write locked in file log0log.cc line 1342
InnoDB: ###### Starts InnoDB Monitor for 30 secs to print diagnostic info:
InnoDB: Pending reads 0, writes 0

=====================================
2025-07-18 16:03:16 0x14dc INNODB MONITOR OUTPUT
=====================================
Per second averages calculated from the last 20 seconds
-----------------
BACKGROUND THREAD
-----------------
srv_master_thread loops: 0 srv_active, 0 srv_shutdown, 1 srv_idle
srv_master_thread log flush and writes: 1
----------
SEMAPHORES
----------
OS WAIT ARRAY INFO: reservation count 43
--Thread 18044 has waited at log0log.cc line 1392 for 535.00 seconds the semaphore:
S-lock on RW-latch at 00007FF7259341D0 created in file log0log.cc line 579
a writer (thread id 0) has reserved it in mode  exclusive
number of readers 0, waiters flag 1, lock_word: 0
Last time write locked in file log0log.cc line 1342
OS WAIT ARRAY INFO: signal count 103
RW-shared spins 451, rounds 1318, OS waits 24
RW-excl spins 888, rounds 1982, OS waits 3
RW-sx spins 2, rounds 60, OS waits 2
Spin rounds per wait: 2.92 RW-shared, 2.23 RW-excl, 30.00 RW-sx
------------
TRANSACTIONS
------------
Trx id counter 243
Purge done for trx's n:o < 243 undo n:o < 0 state: running but idle
History list length 7
LIST OF TRANSACTIONS FOR EACH SESSION:
--------
FILE I/O
--------
I/O thread 0 state: native aio handle (insert buffer thread)
I/O thread 1 state: native aio handle (log thread)
I/O thread 2 state: native aio handle (read thread)
I/O thread 3 state: native aio handle (read thread)
I/O thread 4 state: native aio handle (read thread)
I/O thread 5 state: native aio handle (read thread)
I/O thread 6 state: native aio handle (write thread)
I/O thread 7 state: native aio handle (write thread)
I/O thread 8 state: native aio handle (write thread)
I/O thread 9 state: native aio handle (write thread)
Pending normal aio reads: [0, 0, 0, 0] , aio writes: [0, 0, 0, 0] ,
 ibuf aio reads:, log i/o's:, sync i/o's:
Pending flushes (fsync) log: 0; buffer pool: 0
510 OS file reads, 503 OS file writes, 132 OS fsyncs
0.00 reads/s, 0 avg bytes/read, 0.15 writes/s, 0.15 fsyncs/s
-------------------------------------
INSERT BUFFER AND ADAPTIVE HASH INDEX
-------------------------------------
Ibuf: size 1, free list len 0, seg size 2, 0 merges
merged operations:
 insert 0, delete mark 0, delete 0
discarded operations:
 insert 0, delete mark 0, delete 0
Hash table size 4441, node heap has 0 buffer(s)
Hash table size 4441, node heap has 0 buffer(s)
Hash table size 4441, node heap has 0 buffer(s)
Hash table size 4441, node heap has 0 buffer(s)
Hash table size 4441, node heap has 3 buffer(s)
Hash table size 4441, node heap has 7 buffer(s)
Hash table size 4441, node heap has 1 buffer(s)
Hash table size 4441, node heap has 0 buffer(s)
0.00 hash searches/s, 0.05 non-hash searches/s
---
LOG
---
Log sequence number 1335570
Log flushed up to   1335570
Pages flushed up to 1335570
Last checkpoint at  300288
0 pending log flushes, 1 pending chkp writes
48 log i/o's done, 0.05 log i/o's/second
----------------------
BUFFER POOL AND MEMORY
----------------------
Total large memory allocated 33554432
Dictionary memory allocated 85136
Buffer pool size   1003
Free buffers       736
Database pages     256
Old database pages 0
Modified db pages  0
Percent of dirty pages(LRU & free pages): 0.000
Max dirty pages percent: 75.000
Pending reads 0
Pending writes: LRU 0, flush list 0, single page 0
Pages made young 0, not young 0
0.00 youngs/s, 0.00 non-youngs/s
Pages read 474, created 192, written 442
0.00 reads/s, 0.00 creates/s, 0.05 writes/s
Buffer pool hit rate 1000 / 1000, young-making rate 0 / 1000 not 0 / 1000
Pages read ahead 0.00/s, evicted without access 0.00/s, Random read ahead 0.00/s
LRU len: 256, unzip_LRU len: 0
I/O sum[20]:cur[0], unzip sum[0]:cur[0]
--------------
ROW OPERATIONS
--------------
0 queries inside InnoDB, 0 queries in queue
0 read views open inside InnoDB
Process ID=15500, Main thread ID=18044, state: making checkpoint
Number of rows inserted 5303, updated 4, deleted 0, read 8429
0.00 inserts/s, 0.00 updates/s, 0.00 deletes/s, 0.00 reads/s
Number of system rows inserted 0, updated 0, deleted 0, read 0
0.00 inserts/s, 0.00 updates/s, 0.00 deletes/s, 0.00 reads/s
----------------------------
END OF INNODB MONITOR OUTPUT
============================
InnoDB: ###### Diagnostic info printed to the standard error stream
2025-07-18 16:03:32 0 [Warning] InnoDB: A long semaphore wait:
--Thread 18044 has waited at log0log.cc line 1392 for 551.00 seconds the semaphore:
S-lock on RW-latch at 00007FF7259341D0 created in file log0log.cc line 579
a writer (thread id 0) has reserved it in mode  exclusive
number of readers 0, waiters flag 1, lock_word: 0
Last time write locked in file log0log.cc line 1342
2025-07-18 16:03:32 0 [Note] InnoDB: A semaphore wait:
--Thread 18044 has waited at log0log.cc line 1392 for 551.00 seconds the semaphore:
S-lock on RW-latch at 00007FF7259341D0 created in file log0log.cc line 579
a writer (thread id 0) has reserved it in mode  exclusive
number of readers 0, waiters flag 1, lock_word: 0
Last time write locked in file log0log.cc line 1342
InnoDB: ###### Starts InnoDB Monitor for 30 secs to print diagnostic info:
InnoDB: Pending reads 0, writes 0

=====================================
2025-07-18 16:03:36 0x14dc INNODB MONITOR OUTPUT
=====================================
Per second averages calculated from the last 20 seconds
-----------------
BACKGROUND THREAD
-----------------
srv_master_thread loops: 0 srv_active, 0 srv_shutdown, 1 srv_idle
srv_master_thread log flush and writes: 1
----------
SEMAPHORES
----------
OS WAIT ARRAY INFO: reservation count 43
--Thread 18044 has waited at log0log.cc line 1392 for 555.00 seconds the semaphore:
S-lock on RW-latch at 00007FF7259341D0 created in file log0log.cc line 579
a writer (thread id 0) has reserved it in mode  exclusive
number of readers 0, waiters flag 1, lock_word: 0
Last time write locked in file log0log.cc line 1342
OS WAIT ARRAY INFO: signal count 103
RW-shared spins 451, rounds 1318, OS waits 24
RW-excl spins 888, rounds 1982, OS waits 3
RW-sx spins 2, rounds 60, OS waits 2
Spin rounds per wait: 2.92 RW-shared, 2.23 RW-excl, 30.00 RW-sx
------------
TRANSACTIONS
------------
Trx id counter 243
Purge done for trx's n:o < 243 undo n:o < 0 state: running but idle
History list length 7
LIST OF TRANSACTIONS FOR EACH SESSION:
--------
FILE I/O
--------
I/O thread 0 state: native aio handle (insert buffer thread)
I/O thread 1 state: native aio handle (log thread)
I/O thread 2 state: native aio handle (read thread)
I/O thread 3 state: native aio handle (read thread)
I/O thread 4 state: native aio handle (read thread)
I/O thread 5 state: native aio handle (read thread)
I/O thread 6 state: native aio handle (write thread)
I/O thread 7 state: native aio handle (write thread)
I/O thread 8 state: native aio handle (write thread)
I/O thread 9 state: native aio handle (write thread)
Pending normal aio reads: [0, 0, 0, 0] , aio writes: [0, 0, 0, 0] ,
 ibuf aio reads:, log i/o's:, sync i/o's:
Pending flushes (fsync) log: 0; buffer pool: 0
510 OS file reads, 503 OS file writes, 132 OS fsyncs
0.00 reads/s, 0 avg bytes/read, 0.00 writes/s, 0.00 fsyncs/s
-------------------------------------
INSERT BUFFER AND ADAPTIVE HASH INDEX
-------------------------------------
Ibuf: size 1, free list len 0, seg size 2, 0 merges
merged operations:
 insert 0, delete mark 0, delete 0
discarded operations:
 insert 0, delete mark 0, delete 0
Hash table size 4441, node heap has 0 buffer(s)
Hash table size 4441, node heap has 0 buffer(s)
Hash table size 4441, node heap has 0 buffer(s)
Hash table size 4441, node heap has 0 buffer(s)
Hash table size 4441, node heap has 3 buffer(s)
Hash table size 4441, node heap has 7 buffer(s)
Hash table size 4441, node heap has 1 buffer(s)
Hash table size 4441, node heap has 0 buffer(s)
0.00 hash searches/s, 0.00 non-hash searches/s
---
LOG
---
Log sequence number 1335570
Log flushed up to   1335570
Pages flushed up to 1335570
Last checkpoint at  300288
0 pending log flushes, 1 pending chkp writes
48 log i/o's done, 0.00 log i/o's/second
----------------------
BUFFER POOL AND MEMORY
----------------------
Total large memory allocated 33554432
Dictionary memory allocated 85136
Buffer pool size   1003
Free buffers       736
Database pages     256
Old database pages 0
Modified db pages  0
Percent of dirty pages(LRU & free pages): 0.000
Max dirty pages percent: 75.000
Pending reads 0
Pending writes: LRU 0, flush list 0, single page 0
Pages made young 0, not young 0
0.00 youngs/s, 0.00 non-youngs/s
Pages read 474, created 192, written 442
0.00 reads/s, 0.00 creates/s, 0.00 writes/s
No buffer pool page gets since the last printout
Pages read ahead 0.00/s, evicted without access 0.00/s, Random read ahead 0.00/s
LRU len: 256, unzip_LRU len: 0
I/O sum[20]:cur[0], unzip sum[0]:cur[0]
--------------
ROW OPERATIONS
--------------
0 queries inside InnoDB, 0 queries in queue
0 read views open inside InnoDB
Process ID=15500, Main thread ID=18044, state: making checkpoint
Number of rows inserted 5303, updated 4, deleted 0, read 8429
0.00 inserts/s, 0.00 updates/s, 0.00 deletes/s, 0.00 reads/s
Number of system rows inserted 0, updated 0, deleted 0, read 0
0.00 inserts/s, 0.00 updates/s, 0.00 deletes/s, 0.00 reads/s
----------------------------
END OF INNODB MONITOR OUTPUT
============================

=====================================
2025-07-18 16:03:56 0x14dc INNODB MONITOR OUTPUT
=====================================
Per second averages calculated from the last 20 seconds
-----------------
BACKGROUND THREAD
-----------------
srv_master_thread loops: 0 srv_active, 0 srv_shutdown, 1 srv_idle
srv_master_thread log flush and writes: 1
----------
SEMAPHORES
----------
OS WAIT ARRAY INFO: reservation count 43
--Thread 18044 has waited at log0log.cc line 1392 for 575.00 seconds the semaphore:
S-lock on RW-latch at 00007FF7259341D0 created in file log0log.cc line 579
a writer (thread id 0) has reserved it in mode  exclusive
number of readers 0, waiters flag 1, lock_word: 0
Last time write locked in file log0log.cc line 1342
OS WAIT ARRAY INFO: signal count 103
RW-shared spins 451, rounds 1318, OS waits 24
RW-excl spins 888, rounds 1982, OS waits 3
RW-sx spins 2, rounds 60, OS waits 2
Spin rounds per wait: 2.92 RW-shared, 2.23 RW-excl, 30.00 RW-sx
------------
TRANSACTIONS
------------
Trx id counter 243
Purge done for trx's n:o < 243 undo n:o < 0 state: running but idle
History list length 7
LIST OF TRANSACTIONS FOR EACH SESSION:
--------
FILE I/O
--------
I/O thread 0 state: native aio handle (insert buffer thread)
I/O thread 1 state: native aio handle (log thread)
I/O thread 2 state: native aio handle (read thread)
I/O thread 3 state: native aio handle (read thread)
I/O thread 4 state: native aio handle (read thread)
I/O thread 5 state: native aio handle (read thread)
I/O thread 6 state: native aio handle (write thread)
I/O thread 7 state: native aio handle (write thread)
I/O thread 8 state: native aio handle (write thread)
I/O thread 9 state: native aio handle (write thread)
Pending normal aio reads: [0, 0, 0, 0] , aio writes: [0, 0, 0, 0] ,
 ibuf aio reads:, log i/o's:, sync i/o's:
Pending flushes (fsync) log: 0; buffer pool: 0
510 OS file reads, 503 OS file writes, 132 OS fsyncs
0.00 reads/s, 0 avg bytes/read, 0.00 writes/s, 0.00 fsyncs/s
-------------------------------------
INSERT BUFFER AND ADAPTIVE HASH INDEX
-------------------------------------
Ibuf: size 1, free list len 0, seg size 2, 0 merges
merged operations:
 insert 0, delete mark 0, delete 0
discarded operations:
 insert 0, delete mark 0, delete 0
Hash table size 4441, node heap has 0 buffer(s)
Hash table size 4441, node heap has 0 buffer(s)
Hash table size 4441, node heap has 0 buffer(s)
Hash table size 4441, node heap has 0 buffer(s)
Hash table size 4441, node heap has 3 buffer(s)
Hash table size 4441, node heap has 7 buffer(s)
Hash table size 4441, node heap has 1 buffer(s)
Hash table size 4441, node heap has 0 buffer(s)
0.00 hash searches/s, 0.00 non-hash searches/s
---
LOG
---
Log sequence number 1335570
Log flushed up to   1335570
Pages flushed up to 1335570
Last checkpoint at  300288
0 pending log flushes, 1 pending chkp writes
48 log i/o's done, 0.00 log i/o's/second
----------------------
BUFFER POOL AND MEMORY
----------------------
Total large memory allocated 33554432
Dictionary memory allocated 85136
Buffer pool size   1003
Free buffers       736
Database pages     256
Old database pages 0
Modified db pages  0
Percent of dirty pages(LRU & free pages): 0.000
Max dirty pages percent: 75.000
Pending reads 0
Pending writes: LRU 0, flush list 0, single page 0
Pages made young 0, not young 0
0.00 youngs/s, 0.00 non-youngs/s
Pages read 474, created 192, written 442
0.00 reads/s, 0.00 creates/s, 0.00 writes/s
No buffer pool page gets since the last printout
Pages read ahead 0.00/s, evicted without access 0.00/s, Random read ahead 0.00/s
LRU len: 256, unzip_LRU len: 0
I/O sum[20]:cur[0], unzip sum[0]:cur[0]
--------------
ROW OPERATIONS
--------------
0 queries inside InnoDB, 0 queries in queue
0 read views open inside InnoDB
Process ID=15500, Main thread ID=18044, state: making checkpoint
Number of rows inserted 5303, updated 4, deleted 0, read 8429
0.00 inserts/s, 0.00 updates/s, 0.00 deletes/s, 0.00 reads/s
Number of system rows inserted 0, updated 0, deleted 0, read 0
0.00 inserts/s, 0.00 updates/s, 0.00 deletes/s, 0.00 reads/s
----------------------------
END OF INNODB MONITOR OUTPUT
============================
InnoDB: ###### Diagnostic info printed to the standard error stream
2025-07-18 16:04:03 0 [Warning] InnoDB: A long semaphore wait:
--Thread 18044 has waited at log0log.cc line 1392 for 582.00 seconds the semaphore:
S-lock on RW-latch at 00007FF7259341D0 created in file log0log.cc line 579
a writer (thread id 0) has reserved it in mode  exclusive
number of readers 0, waiters flag 1, lock_word: 0
Last time write locked in file log0log.cc line 1342
2025-07-18 16:04:03 0 [Note] InnoDB: A semaphore wait:
--Thread 18044 has waited at log0log.cc line 1392 for 582.00 seconds the semaphore:
S-lock on RW-latch at 00007FF7259341D0 created in file log0log.cc line 579
a writer (thread id 0) has reserved it in mode  exclusive
number of readers 0, waiters flag 1, lock_word: 0
Last time write locked in file log0log.cc line 1342
InnoDB: ###### Starts InnoDB Monitor for 30 secs to print diagnostic info:
InnoDB: Pending reads 0, writes 0

=====================================
2025-07-18 16:04:16 0x14dc INNODB MONITOR OUTPUT
=====================================
Per second averages calculated from the last 20 seconds
-----------------
BACKGROUND THREAD
-----------------
srv_master_thread loops: 0 srv_active, 0 srv_shutdown, 1 srv_idle
srv_master_thread log flush and writes: 1
----------
SEMAPHORES
----------
OS WAIT ARRAY INFO: reservation count 43
--Thread 18044 has waited at log0log.cc line 1392 for 595.00 seconds the semaphore:
S-lock on RW-latch at 00007FF7259341D0 created in file log0log.cc line 579
a writer (thread id 0) has reserved it in mode  exclusive
number of readers 0, waiters flag 1, lock_word: 0
Last time write locked in file log0log.cc line 1342
OS WAIT ARRAY INFO: signal count 103
RW-shared spins 451, rounds 1318, OS waits 24
RW-excl spins 888, rounds 1982, OS waits 3
RW-sx spins 2, rounds 60, OS waits 2
Spin rounds per wait: 2.92 RW-shared, 2.23 RW-excl, 30.00 RW-sx
------------
TRANSACTIONS
------------
Trx id counter 243
Purge done for trx's n:o < 243 undo n:o < 0 state: running but idle
History list length 7
LIST OF TRANSACTIONS FOR EACH SESSION:
--------
FILE I/O
--------
I/O thread 0 state: native aio handle (insert buffer thread)
I/O thread 1 state: native aio handle (log thread)
I/O thread 2 state: native aio handle (read thread)
I/O thread 3 state: native aio handle (read thread)
I/O thread 4 state: native aio handle (read thread)
I/O thread 5 state: native aio handle (read thread)
I/O thread 6 state: native aio handle (write thread)
I/O thread 7 state: native aio handle (write thread)
I/O thread 8 state: native aio handle (write thread)
I/O thread 9 state: native aio handle (write thread)
Pending normal aio reads: [0, 0, 0, 0] , aio writes: [0, 0, 0, 0] ,
 ibuf aio reads:, log i/o's:, sync i/o's:
Pending flushes (fsync) log: 0; buffer pool: 0
510 OS file reads, 503 OS file writes, 132 OS fsyncs
0.00 reads/s, 0 avg bytes/read, 0.00 writes/s, 0.00 fsyncs/s
-------------------------------------
INSERT BUFFER AND ADAPTIVE HASH INDEX
-------------------------------------
Ibuf: size 1, free list len 0, seg size 2, 0 merges
merged operations:
 insert 0, delete mark 0, delete 0
discarded operations:
 insert 0, delete mark 0, delete 0
Hash table size 4441, node heap has 0 buffer(s)
Hash table size 4441, node heap has 0 buffer(s)
Hash table size 4441, node heap has 0 buffer(s)
Hash table size 4441, node heap has 0 buffer(s)
Hash table size 4441, node heap has 3 buffer(s)
Hash table size 4441, node heap has 7 buffer(s)
Hash table size 4441, node heap has 1 buffer(s)
Hash table size 4441, node heap has 0 buffer(s)
0.00 hash searches/s, 0.00 non-hash searches/s
---
LOG
---
Log sequence number 1335570
Log flushed up to   1335570
Pages flushed up to 1335570
Last checkpoint at  300288
0 pending log flushes, 1 pending chkp writes
48 log i/o's done, 0.00 log i/o's/second
----------------------
BUFFER POOL AND MEMORY
----------------------
Total large memory allocated 33554432
Dictionary memory allocated 85136
Buffer pool size   1003
Free buffers       736
Database pages     256
Old database pages 0
Modified db pages  0
Percent of dirty pages(LRU & free pages): 0.000
Max dirty pages percent: 75.000
Pending reads 0
Pending writes: LRU 0, flush list 0, single page 0
Pages made young 0, not young 0
0.00 youngs/s, 0.00 non-youngs/s
Pages read 474, created 192, written 442
0.00 reads/s, 0.00 creates/s, 0.00 writes/s
No buffer pool page gets since the last printout
Pages read ahead 0.00/s, evicted without access 0.00/s, Random read ahead 0.00/s
LRU len: 256, unzip_LRU len: 0
I/O sum[20]:cur[0], unzip sum[0]:cur[0]
--------------
ROW OPERATIONS
--------------
0 queries inside InnoDB, 0 queries in queue
0 read views open inside InnoDB
Process ID=15500, Main thread ID=18044, state: making checkpoint
Number of rows inserted 5303, updated 4, deleted 0, read 8429
0.00 inserts/s, 0.00 updates/s, 0.00 deletes/s, 0.00 reads/s
Number of system rows inserted 0, updated 0, deleted 0, read 0
0.00 inserts/s, 0.00 updates/s, 0.00 deletes/s, 0.00 reads/s
----------------------------
END OF INNODB MONITOR OUTPUT
============================
InnoDB: ###### Diagnostic info printed to the standard error stream
2025-07-18 16:04:34 0 [Warning] InnoDB: A long semaphore wait:
--Thread 18044 has waited at log0log.cc line 1392 for 613.00 seconds the semaphore:
S-lock on RW-latch at 00007FF7259341D0 created in file log0log.cc line 579
a writer (thread id 0) has reserved it in mode  exclusive
number of readers 0, waiters flag 1, lock_word: 0
Last time write locked in file log0log.cc line 1342
2025-07-18 16:04:34 0 [Note] InnoDB: A semaphore wait:
--Thread 18044 has waited at log0log.cc line 1392 for 613.00 seconds the semaphore:
S-lock on RW-latch at 00007FF7259341D0 created in file log0log.cc line 579
a writer (thread id 0) has reserved it in mode  exclusive
number of readers 0, waiters flag 1, lock_word: 0
Last time write locked in file log0log.cc line 1342
InnoDB: ###### Starts InnoDB Monitor for 30 secs to print diagnostic info:
InnoDB: Pending reads 0, writes 0

=====================================
2025-07-18 16:04:36 0x14dc INNODB MONITOR OUTPUT
=====================================
Per second averages calculated from the last 20 seconds
-----------------
BACKGROUND THREAD
-----------------
srv_master_thread loops: 0 srv_active, 0 srv_shutdown, 1 srv_idle
srv_master_thread log flush and writes: 1
----------
SEMAPHORES
----------
OS WAIT ARRAY INFO: reservation count 43
--Thread 18044 has waited at log0log.cc line 1392 for 615.00 seconds the semaphore:
S-lock on RW-latch at 00007FF7259341D0 created in file log0log.cc line 579
a writer (thread id 0) has reserved it in mode  exclusive
number of readers 0, waiters flag 1, lock_word: 0
Last time write locked in file log0log.cc line 1342
OS WAIT ARRAY INFO: signal count 103
RW-shared spins 451, rounds 1318, OS waits 24
RW-excl spins 888, rounds 1982, OS waits 3
RW-sx spins 2, rounds 60, OS waits 2
Spin rounds per wait: 2.92 RW-shared, 2.23 RW-excl, 30.00 RW-sx
------------
TRANSACTIONS
------------
Trx id counter 243
Purge done for trx's n:o < 243 undo n:o < 0 state: running but idle
History list length 7
LIST OF TRANSACTIONS FOR EACH SESSION:
--------
FILE I/O
--------
I/O thread 0 state: native aio handle (insert buffer thread)
I/O thread 1 state: native aio handle (log thread)
I/O thread 2 state: native aio handle (read thread)
I/O thread 3 state: native aio handle (read thread)
I/O thread 4 state: native aio handle (read thread)
I/O thread 5 state: native aio handle (read thread)
I/O thread 6 state: native aio handle (write thread)
I/O thread 7 state: native aio handle (write thread)
I/O thread 8 state: native aio handle (write thread)
I/O thread 9 state: native aio handle (write thread)
Pending normal aio reads: [0, 0, 0, 0] , aio writes: [0, 0, 0, 0] ,
 ibuf aio reads:, log i/o's:, sync i/o's:
Pending flushes (fsync) log: 0; buffer pool: 0
510 OS file reads, 503 OS file writes, 132 OS fsyncs
0.00 reads/s, 0 avg bytes/read, 0.00 writes/s, 0.00 fsyncs/s
-------------------------------------
INSERT BUFFER AND ADAPTIVE HASH INDEX
-------------------------------------
Ibuf: size 1, free list len 0, seg size 2, 0 merges
merged operations:
 insert 0, delete mark 0, delete 0
discarded operations:
 insert 0, delete mark 0, delete 0
Hash table size 4441, node heap has 0 buffer(s)
Hash table size 4441, node heap has 0 buffer(s)
Hash table size 4441, node heap has 0 buffer(s)
Hash table size 4441, node heap has 0 buffer(s)
Hash table size 4441, node heap has 3 buffer(s)
Hash table size 4441, node heap has 7 buffer(s)
Hash table size 4441, node heap has 1 buffer(s)
Hash table size 4441, node heap has 0 buffer(s)
0.00 hash searches/s, 0.00 non-hash searches/s
---
LOG
---
Log sequence number 1335570
Log flushed up to   1335570
Pages flushed up to 1335570
Last checkpoint at  300288
0 pending log flushes, 1 pending chkp writes
48 log i/o's done, 0.00 log i/o's/second
----------------------
BUFFER POOL AND MEMORY
----------------------
Total large memory allocated 33554432
Dictionary memory allocated 85136
Buffer pool size   1003
Free buffers       736
Database pages     256
Old database pages 0
Modified db pages  0
Percent of dirty pages(LRU & free pages): 0.000
Max dirty pages percent: 75.000
Pending reads 0
Pending writes: LRU 0, flush list 0, single page 0
Pages made young 0, not young 0
0.00 youngs/s, 0.00 non-youngs/s
Pages read 474, created 192, written 442
0.00 reads/s, 0.00 creates/s, 0.00 writes/s
No buffer pool page gets since the last printout
Pages read ahead 0.00/s, evicted without access 0.00/s, Random read ahead 0.00/s
LRU len: 256, unzip_LRU len: 0
I/O sum[14]:cur[0], unzip sum[0]:cur[0]
--------------
ROW OPERATIONS
--------------
0 queries inside InnoDB, 0 queries in queue
0 read views open inside InnoDB
Process ID=15500, Main thread ID=18044, state: making checkpoint
Number of rows inserted 5303, updated 4, deleted 0, read 8429
0.00 inserts/s, 0.00 updates/s, 0.00 deletes/s, 0.00 reads/s
Number of system rows inserted 0, updated 0, deleted 0, read 0
0.00 inserts/s, 0.00 updates/s, 0.00 deletes/s, 0.00 reads/s
----------------------------
END OF INNODB MONITOR OUTPUT
============================

=====================================
2025-07-18 16:04:56 0x14dc INNODB MONITOR OUTPUT
=====================================
Per second averages calculated from the last 20 seconds
-----------------
BACKGROUND THREAD
-----------------
srv_master_thread loops: 0 srv_active, 0 srv_shutdown, 1 srv_idle
srv_master_thread log flush and writes: 1
----------
SEMAPHORES
----------
OS WAIT ARRAY INFO: reservation count 43
--Thread 18044 has waited at log0log.cc line 1392 for 635.00 seconds the semaphore:
S-lock on RW-latch at 00007FF7259341D0 created in file log0log.cc line 579
a writer (thread id 0) has reserved it in mode  exclusive
number of readers 0, waiters flag 1, lock_word: 0
Last time write locked in file log0log.cc line 1342
OS WAIT ARRAY INFO: signal count 103
RW-shared spins 451, rounds 1318, OS waits 24
RW-excl spins 888, rounds 1982, OS waits 3
RW-sx spins 2, rounds 60, OS waits 2
Spin rounds per wait: 2.92 RW-shared, 2.23 RW-excl, 30.00 RW-sx
------------
TRANSACTIONS
------------
Trx id counter 243
Purge done for trx's n:o < 243 undo n:o < 0 state: running but idle
History list length 7
LIST OF TRANSACTIONS FOR EACH SESSION:
--------
FILE I/O
--------
I/O thread 0 state: native aio handle (insert buffer thread)
I/O thread 1 state: native aio handle (log thread)
I/O thread 2 state: native aio handle (read thread)
I/O thread 3 state: native aio handle (read thread)
I/O thread 4 state: native aio handle (read thread)
I/O thread 5 state: native aio handle (read thread)
I/O thread 6 state: native aio handle (write thread)
I/O thread 7 state: native aio handle (write thread)
I/O thread 8 state: native aio handle (write thread)
I/O thread 9 state: native aio handle (write thread)
Pending normal aio reads: [0, 0, 0, 0] , aio writes: [0, 0, 0, 0] ,
 ibuf aio reads:, log i/o's:, sync i/o's:
Pending flushes (fsync) log: 0; buffer pool: 0
510 OS file reads, 503 OS file writes, 132 OS fsyncs
0.00 reads/s, 0 avg bytes/read, 0.00 writes/s, 0.00 fsyncs/s
-------------------------------------
INSERT BUFFER AND ADAPTIVE HASH INDEX
-------------------------------------
Ibuf: size 1, free list len 0, seg size 2, 0 merges
merged operations:
 insert 0, delete mark 0, delete 0
discarded operations:
 insert 0, delete mark 0, delete 0
Hash table size 4441, node heap has 0 buffer(s)
Hash table size 4441, node heap has 0 buffer(s)
Hash table size 4441, node heap has 0 buffer(s)
Hash table size 4441, node heap has 0 buffer(s)
Hash table size 4441, node heap has 3 buffer(s)
Hash table size 4441, node heap has 7 buffer(s)
Hash table size 4441, node heap has 1 buffer(s)
Hash table size 4441, node heap has 0 buffer(s)
0.00 hash searches/s, 0.00 non-hash searches/s
---
LOG
---
Log sequence number 1335570
Log flushed up to   1335570
Pages flushed up to 1335570
Last checkpoint at  300288
0 pending log flushes, 1 pending chkp writes
48 log i/o's done, 0.00 log i/o's/second
----------------------
BUFFER POOL AND MEMORY
----------------------
Total large memory allocated 33554432
Dictionary memory allocated 85136
Buffer pool size   1003
Free buffers       736
Database pages     256
Old database pages 0
Modified db pages  0
Percent of dirty pages(LRU & free pages): 0.000
Max dirty pages percent: 75.000
Pending reads 0
Pending writes: LRU 0, flush list 0, single page 0
Pages made young 0, not young 0
0.00 youngs/s, 0.00 non-youngs/s
Pages read 474, created 192, written 442
0.00 reads/s, 0.00 creates/s, 0.00 writes/s
No buffer pool page gets since the last printout
Pages read ahead 0.00/s, evicted without access 0.00/s, Random read ahead 0.00/s
LRU len: 256, unzip_LRU len: 0
I/O sum[14]:cur[0], unzip sum[0]:cur[0]
--------------
ROW OPERATIONS
--------------
0 queries inside InnoDB, 0 queries in queue
0 read views open inside InnoDB
Process ID=15500, Main thread ID=18044, state: making checkpoint
Number of rows inserted 5303, updated 4, deleted 0, read 8429
0.00 inserts/s, 0.00 updates/s, 0.00 deletes/s, 0.00 reads/s
Number of system rows inserted 0, updated 0, deleted 0, read 0
0.00 inserts/s, 0.00 updates/s, 0.00 deletes/s, 0.00 reads/s
----------------------------
END OF INNODB MONITOR OUTPUT
============================
InnoDB: ###### Diagnostic info printed to the standard error stream
2025-07-18 16:05:05 0 [Warning] InnoDB: A long semaphore wait:
--Thread 18044 has waited at log0log.cc line 1392 for 644.00 seconds the semaphore:
S-lock on RW-latch at 00007FF7259341D0 created in file log0log.cc line 579
a writer (thread id 0) has reserved it in mode  exclusive
number of readers 0, waiters flag 1, lock_word: 0
Last time write locked in file log0log.cc line 1342
2025-07-18 16:05:05 0 [Note] InnoDB: A semaphore wait:
--Thread 18044 has waited at log0log.cc line 1392 for 644.00 seconds the semaphore:
S-lock on RW-latch at 00007FF7259341D0 created in file log0log.cc line 579
a writer (thread id 0) has reserved it in mode  exclusive
number of readers 0, waiters flag 1, lock_word: 0
Last time write locked in file log0log.cc line 1342
InnoDB: ###### Starts InnoDB Monitor for 30 secs to print diagnostic info:
InnoDB: Pending reads 0, writes 0

=====================================
2025-07-18 16:05:16 0x14dc INNODB MONITOR OUTPUT
=====================================
Per second averages calculated from the last 20 seconds
-----------------
BACKGROUND THREAD
-----------------
srv_master_thread loops: 0 srv_active, 0 srv_shutdown, 1 srv_idle
srv_master_thread log flush and writes: 1
----------
SEMAPHORES
----------
OS WAIT ARRAY INFO: reservation count 43
--Thread 18044 has waited at log0log.cc line 1392 for 655.00 seconds the semaphore:
S-lock on RW-latch at 00007FF7259341D0 created in file log0log.cc line 579
a writer (thread id 0) has reserved it in mode  exclusive
number of readers 0, waiters flag 1, lock_word: 0
Last time write locked in file log0log.cc line 1342
OS WAIT ARRAY INFO: signal count 103
RW-shared spins 451, rounds 1318, OS waits 24
RW-excl spins 888, rounds 1982, OS waits 3
RW-sx spins 2, rounds 60, OS waits 2
Spin rounds per wait: 2.92 RW-shared, 2.23 RW-excl, 30.00 RW-sx
------------
TRANSACTIONS
------------
Trx id counter 243
Purge done for trx's n:o < 243 undo n:o < 0 state: running but idle
History list length 7
LIST OF TRANSACTIONS FOR EACH SESSION:
--------
FILE I/O
--------
I/O thread 0 state: native aio handle (insert buffer thread)
I/O thread 1 state: native aio handle (log thread)
I/O thread 2 state: native aio handle (read thread)
I/O thread 3 state: native aio handle (read thread)
I/O thread 4 state: native aio handle (read thread)
I/O thread 5 state: native aio handle (read thread)
I/O thread 6 state: native aio handle (write thread)
I/O thread 7 state: native aio handle (write thread)
I/O thread 8 state: native aio handle (write thread)
I/O thread 9 state: native aio handle (write thread)
Pending normal aio reads: [0, 0, 0, 0] , aio writes: [0, 0, 0, 0] ,
 ibuf aio reads:, log i/o's:, sync i/o's:
Pending flushes (fsync) log: 0; buffer pool: 0
510 OS file reads, 503 OS file writes, 132 OS fsyncs
0.00 reads/s, 0 avg bytes/read, 0.00 writes/s, 0.00 fsyncs/s
-------------------------------------
INSERT BUFFER AND ADAPTIVE HASH INDEX
-------------------------------------
Ibuf: size 1, free list len 0, seg size 2, 0 merges
merged operations:
 insert 0, delete mark 0, delete 0
discarded operations:
 insert 0, delete mark 0, delete 0
Hash table size 4441, node heap has 0 buffer(s)
Hash table size 4441, node heap has 0 buffer(s)
Hash table size 4441, node heap has 0 buffer(s)
Hash table size 4441, node heap has 0 buffer(s)
Hash table size 4441, node heap has 3 buffer(s)
Hash table size 4441, node heap has 7 buffer(s)
Hash table size 4441, node heap has 1 buffer(s)
Hash table size 4441, node heap has 0 buffer(s)
0.00 hash searches/s, 0.00 non-hash searches/s
---
LOG
---
Log sequence number 1335570
Log flushed up to   1335570
Pages flushed up to 1335570
Last checkpoint at  300288
0 pending log flushes, 1 pending chkp writes
48 log i/o's done, 0.00 log i/o's/second
----------------------
BUFFER POOL AND MEMORY
----------------------
Total large memory allocated 33554432
Dictionary memory allocated 85136
Buffer pool size   1003
Free buffers       736
Database pages     256
Old database pages 0
Modified db pages  0
Percent of dirty pages(LRU & free pages): 0.000
Max dirty pages percent: 75.000
Pending reads 0
Pending writes: LRU 0, flush list 0, single page 0
Pages made young 0, not young 0
0.00 youngs/s, 0.00 non-youngs/s
Pages read 474, created 192, written 442
0.00 reads/s, 0.00 creates/s, 0.00 writes/s
No buffer pool page gets since the last printout
Pages read ahead 0.00/s, evicted without access 0.00/s, Random read ahead 0.00/s
LRU len: 256, unzip_LRU len: 0
I/O sum[14]:cur[0], unzip sum[0]:cur[0]
--------------
ROW OPERATIONS
--------------
0 queries inside InnoDB, 0 queries in queue
0 read views open inside InnoDB
Process ID=15500, Main thread ID=18044, state: making checkpoint
Number of rows inserted 5303, updated 4, deleted 0, read 8429
0.00 inserts/s, 0.00 updates/s, 0.00 deletes/s, 0.00 reads/s
Number of system rows inserted 0, updated 0, deleted 0, read 0
0.00 inserts/s, 0.00 updates/s, 0.00 deletes/s, 0.00 reads/s
----------------------------
END OF INNODB MONITOR OUTPUT
============================
InnoDB: ###### Diagnostic info printed to the standard error stream
2025-07-18 16:05:36 0 [Warning] InnoDB: A long semaphore wait:
--Thread 18044 has waited at log0log.cc line 1392 for 675.00 seconds the semaphore:
S-lock on RW-latch at 00007FF7259341D0 created in file log0log.cc line 579
a writer (thread id 0) has reserved it in mode  exclusive
number of readers 0, waiters flag 1, lock_word: 0
Last time write locked in file log0log.cc line 1342
2025-07-18 16:05:36 0 [Note] InnoDB: A semaphore wait:
--Thread 18044 has waited at log0log.cc line 1392 for 675.00 seconds the semaphore:
S-lock on RW-latch at 00007FF7259341D0 created in file log0log.cc line 579
a writer (thread id 0) has reserved it in mode  exclusive
number of readers 0, waiters flag 1, lock_word: 0
Last time write locked in file log0log.cc line 1342
InnoDB: ###### Starts InnoDB Monitor for 30 secs to print diagnostic info:
InnoDB: Pending reads 0, writes 0

=====================================
2025-07-18 16:05:36 0x14dc INNODB MONITOR OUTPUT
=====================================
Per second averages calculated from the last 20 seconds
-----------------
BACKGROUND THREAD
-----------------
srv_master_thread loops: 0 srv_active, 0 srv_shutdown, 1 srv_idle
srv_master_thread log flush and writes: 1
----------
SEMAPHORES
----------
OS WAIT ARRAY INFO: reservation count 43
--Thread 18044 has waited at log0log.cc line 1392 for 675.00 seconds the semaphore:
S-lock on RW-latch at 00007FF7259341D0 created in file log0log.cc line 579
a writer (thread id 0) has reserved it in mode  exclusive
number of readers 0, waiters flag 1, lock_word: 0
Last time write locked in file log0log.cc line 1342
OS WAIT ARRAY INFO: signal count 103
RW-shared spins 451, rounds 1318, OS waits 24
RW-excl spins 888, rounds 1982, OS waits 3
RW-sx spins 2, rounds 60, OS waits 2
Spin rounds per wait: 2.92 RW-shared, 2.23 RW-excl, 30.00 RW-sx
------------
TRANSACTIONS
------------
Trx id counter 243
Purge done for trx's n:o < 243 undo n:o < 0 state: running but idle
History list length 7
LIST OF TRANSACTIONS FOR EACH SESSION:
--------
FILE I/O
--------
I/O thread 0 state: native aio handle (insert buffer thread)
I/O thread 1 state: native aio handle (log thread)
I/O thread 2 state: native aio handle (read thread)
I/O thread 3 state: native aio handle (read thread)
I/O thread 4 state: native aio handle (read thread)
I/O thread 5 state: native aio handle (read thread)
I/O thread 6 state: native aio handle (write thread)
I/O thread 7 state: native aio handle (write thread)
I/O thread 8 state: native aio handle (write thread)
I/O thread 9 state: native aio handle (write thread)
Pending normal aio reads: [0, 0, 0, 0] , aio writes: [0, 0, 0, 0] ,
 ibuf aio reads:, log i/o's:, sync i/o's:
Pending flushes (fsync) log: 0; buffer pool: 0
510 OS file reads, 503 OS file writes, 132 OS fsyncs
0.00 reads/s, 0 avg bytes/read, 0.00 writes/s, 0.00 fsyncs/s
-------------------------------------
INSERT BUFFER AND ADAPTIVE HASH INDEX
-------------------------------------
Ibuf: size 1, free list len 0, seg size 2, 0 merges
merged operations:
 insert 0, delete mark 0, delete 0
discarded operations:
 insert 0, delete mark 0, delete 0
Hash table size 4441, node heap has 0 buffer(s)
Hash table size 4441, node heap has 0 buffer(s)
Hash table size 4441, node heap has 0 buffer(s)
Hash table size 4441, node heap has 0 buffer(s)
Hash table size 4441, node heap has 3 buffer(s)
Hash table size 4441, node heap has 7 buffer(s)
Hash table size 4441, node heap has 1 buffer(s)
Hash table size 4441, node heap has 0 buffer(s)
0.00 hash searches/s, 0.00 non-hash searches/s
---
LOG
---
Log sequence number 1335570
Log flushed up to   1335570
Pages flushed up to 1335570
Last checkpoint at  300288
0 pending log flushes, 1 pending chkp writes
48 log i/o's done, 0.00 log i/o's/second
----------------------
BUFFER POOL AND MEMORY
----------------------
Total large memory allocated 33554432
Dictionary memory allocated 85136
Buffer pool size   1003
Free buffers       736
Database pages     256
Old database pages 0
Modified db pages  0
Percent of dirty pages(LRU & free pages): 0.000
Max dirty pages percent: 75.000
Pending reads 0
Pending writes: LRU 0, flush list 0, single page 0
Pages made young 0, not young 0
0.00 youngs/s, 0.00 non-youngs/s
Pages read 474, created 192, written 442
0.00 reads/s, 0.00 creates/s, 0.00 writes/s
No buffer pool page gets since the last printout
Pages read ahead 0.00/s, evicted without access 0.00/s, Random read ahead 0.00/s
LRU len: 256, unzip_LRU len: 0
I/O sum[14]:cur[0], unzip sum[0]:cur[0]
--------------
ROW OPERATIONS
--------------
0 queries inside InnoDB, 0 queries in queue
0 read views open inside InnoDB
Process ID=15500, Main thread ID=18044, state: making checkpoint
Number of rows inserted 5303, updated 4, deleted 0, read 8429
0.00 inserts/s, 0.00 updates/s, 0.00 deletes/s, 0.00 reads/s
Number of system rows inserted 0, updated 0, deleted 0, read 0
0.00 inserts/s, 0.00 updates/s, 0.00 deletes/s, 0.00 reads/s
----------------------------
END OF INNODB MONITOR OUTPUT
============================

=====================================
2025-07-18 16:05:56 0x14dc INNODB MONITOR OUTPUT
=====================================
Per second averages calculated from the last 20 seconds
-----------------
BACKGROUND THREAD
-----------------
srv_master_thread loops: 0 srv_active, 0 srv_shutdown, 1 srv_idle
srv_master_thread log flush and writes: 1
----------
SEMAPHORES
----------
OS WAIT ARRAY INFO: reservation count 43
--Thread 18044 has waited at log0log.cc line 1392 for 695.00 seconds the semaphore:
S-lock on RW-latch at 00007FF7259341D0 created in file log0log.cc line 579
a writer (thread id 0) has reserved it in mode  exclusive
number of readers 0, waiters flag 1, lock_word: 0
Last time write locked in file log0log.cc line 1342
OS WAIT ARRAY INFO: signal count 103
RW-shared spins 451, rounds 1318, OS waits 24
RW-excl spins 888, rounds 1982, OS waits 3
RW-sx spins 2, rounds 60, OS waits 2
Spin rounds per wait: 2.92 RW-shared, 2.23 RW-excl, 30.00 RW-sx
------------
TRANSACTIONS
------------
Trx id counter 243
Purge done for trx's n:o < 243 undo n:o < 0 state: running but idle
History list length 7
LIST OF TRANSACTIONS FOR EACH SESSION:
--------
FILE I/O
--------
I/O thread 0 state: native aio handle (insert buffer thread)
I/O thread 1 state: native aio handle (log thread)
I/O thread 2 state: native aio handle (read thread)
I/O thread 3 state: native aio handle (read thread)
I/O thread 4 state: native aio handle (read thread)
I/O thread 5 state: native aio handle (read thread)
I/O thread 6 state: native aio handle (write thread)
I/O thread 7 state: native aio handle (write thread)
I/O thread 8 state: native aio handle (write thread)
I/O thread 9 state: native aio handle (write thread)
Pending normal aio reads: [0, 0, 0, 0] , aio writes: [0, 0, 0, 0] ,
 ibuf aio reads:, log i/o's:, sync i/o's:
Pending flushes (fsync) log: 0; buffer pool: 0
510 OS file reads, 503 OS file writes, 132 OS fsyncs
0.00 reads/s, 0 avg bytes/read, 0.00 writes/s, 0.00 fsyncs/s
-------------------------------------
INSERT BUFFER AND ADAPTIVE HASH INDEX
-------------------------------------
Ibuf: size 1, free list len 0, seg size 2, 0 merges
merged operations:
 insert 0, delete mark 0, delete 0
discarded operations:
 insert 0, delete mark 0, delete 0
Hash table size 4441, node heap has 0 buffer(s)
Hash table size 4441, node heap has 0 buffer(s)
Hash table size 4441, node heap has 0 buffer(s)
Hash table size 4441, node heap has 0 buffer(s)
Hash table size 4441, node heap has 3 buffer(s)
Hash table size 4441, node heap has 7 buffer(s)
Hash table size 4441, node heap has 1 buffer(s)
Hash table size 4441, node heap has 0 buffer(s)
0.00 hash searches/s, 0.00 non-hash searches/s
---
LOG
---
Log sequence number 1335570
Log flushed up to   1335570
Pages flushed up to 1335570
Last checkpoint at  300288
0 pending log flushes, 1 pending chkp writes
48 log i/o's done, 0.00 log i/o's/second
----------------------
BUFFER POOL AND MEMORY
----------------------
Total large memory allocated 33554432
Dictionary memory allocated 85136
Buffer pool size   1003
Free buffers       736
Database pages     256
Old database pages 0
Modified db pages  0
Percent of dirty pages(LRU & free pages): 0.000
Max dirty pages percent: 75.000
Pending reads 0
Pending writes: LRU 0, flush list 0, single page 0
Pages made young 0, not young 0
0.00 youngs/s, 0.00 non-youngs/s
Pages read 474, created 192, written 442
0.00 reads/s, 0.00 creates/s, 0.00 writes/s
No buffer pool page gets since the last printout
Pages read ahead 0.00/s, evicted without access 0.00/s, Random read ahead 0.00/s
LRU len: 256, unzip_LRU len: 0
I/O sum[14]:cur[0], unzip sum[0]:cur[0]
--------------
ROW OPERATIONS
--------------
0 queries inside InnoDB, 0 queries in queue
0 read views open inside InnoDB
Process ID=15500, Main thread ID=18044, state: making checkpoint
Number of rows inserted 5303, updated 4, deleted 0, read 8429
0.00 inserts/s, 0.00 updates/s, 0.00 deletes/s, 0.00 reads/s
Number of system rows inserted 0, updated 0, deleted 0, read 0
0.00 inserts/s, 0.00 updates/s, 0.00 deletes/s, 0.00 reads/s
----------------------------
END OF INNODB MONITOR OUTPUT
============================
InnoDB: ###### Diagnostic info printed to the standard error stream
2025-07-18 16:06:07 0 [Warning] InnoDB: A long semaphore wait:
--Thread 18044 has waited at log0log.cc line 1392 for 706.00 seconds the semaphore:
S-lock on RW-latch at 00007FF7259341D0 created in file log0log.cc line 579
a writer (thread id 0) has reserved it in mode  exclusive
number of readers 0, waiters flag 1, lock_word: 0
Last time write locked in file log0log.cc line 1342
2025-07-18 16:06:07 0 [Note] InnoDB: A semaphore wait:
--Thread 18044 has waited at log0log.cc line 1392 for 706.00 seconds the semaphore:
S-lock on RW-latch at 00007FF7259341D0 created in file log0log.cc line 579
a writer (thread id 0) has reserved it in mode  exclusive
number of readers 0, waiters flag 1, lock_word: 0
Last time write locked in file log0log.cc line 1342
InnoDB: ###### Starts InnoDB Monitor for 30 secs to print diagnostic info:
InnoDB: Pending reads 0, writes 0

=====================================
2025-07-18 16:06:16 0x14dc INNODB MONITOR OUTPUT
=====================================
Per second averages calculated from the last 20 seconds
-----------------
BACKGROUND THREAD
-----------------
srv_master_thread loops: 0 srv_active, 0 srv_shutdown, 1 srv_idle
srv_master_thread log flush and writes: 1
----------
SEMAPHORES
----------
OS WAIT ARRAY INFO: reservation count 43
--Thread 18044 has waited at log0log.cc line 1392 for 715.00 seconds the semaphore:
S-lock on RW-latch at 00007FF7259341D0 created in file log0log.cc line 579
a writer (thread id 0) has reserved it in mode  exclusive
number of readers 0, waiters flag 1, lock_word: 0
Last time write locked in file log0log.cc line 1342
OS WAIT ARRAY INFO: signal count 103
RW-shared spins 451, rounds 1318, OS waits 24
RW-excl spins 888, rounds 1982, OS waits 3
RW-sx spins 2, rounds 60, OS waits 2
Spin rounds per wait: 2.92 RW-shared, 2.23 RW-excl, 30.00 RW-sx
------------
TRANSACTIONS
------------
Trx id counter 243
Purge done for trx's n:o < 243 undo n:o < 0 state: running but idle
History list length 7
LIST OF TRANSACTIONS FOR EACH SESSION:
--------
FILE I/O
--------
I/O thread 0 state: native aio handle (insert buffer thread)
I/O thread 1 state: native aio handle (log thread)
I/O thread 2 state: native aio handle (read thread)
I/O thread 3 state: native aio handle (read thread)
I/O thread 4 state: native aio handle (read thread)
I/O thread 5 state: native aio handle (read thread)
I/O thread 6 state: native aio handle (write thread)
I/O thread 7 state: native aio handle (write thread)
I/O thread 8 state: native aio handle (write thread)
I/O thread 9 state: native aio handle (write thread)
Pending normal aio reads: [0, 0, 0, 0] , aio writes: [0, 0, 0, 0] ,
 ibuf aio reads:, log i/o's:, sync i/o's:
Pending flushes (fsync) log: 0; buffer pool: 0
510 OS file reads, 503 OS file writes, 132 OS fsyncs
0.00 reads/s, 0 avg bytes/read, 0.00 writes/s, 0.00 fsyncs/s
-------------------------------------
INSERT BUFFER AND ADAPTIVE HASH INDEX
-------------------------------------
Ibuf: size 1, free list len 0, seg size 2, 0 merges
merged operations:
 insert 0, delete mark 0, delete 0
discarded operations:
 insert 0, delete mark 0, delete 0
Hash table size 4441, node heap has 0 buffer(s)
Hash table size 4441, node heap has 0 buffer(s)
Hash table size 4441, node heap has 0 buffer(s)
Hash table size 4441, node heap has 0 buffer(s)
Hash table size 4441, node heap has 3 buffer(s)
Hash table size 4441, node heap has 7 buffer(s)
Hash table size 4441, node heap has 1 buffer(s)
Hash table size 4441, node heap has 0 buffer(s)
0.00 hash searches/s, 0.00 non-hash searches/s
---
LOG
---
Log sequence number 1335570
Log flushed up to   1335570
Pages flushed up to 1335570
Last checkpoint at  300288
0 pending log flushes, 1 pending chkp writes
48 log i/o's done, 0.00 log i/o's/second
----------------------
BUFFER POOL AND MEMORY
----------------------
Total large memory allocated 33554432
Dictionary memory allocated 85136
Buffer pool size   1003
Free buffers       736
Database pages     256
Old database pages 0
Modified db pages  0
Percent of dirty pages(LRU & free pages): 0.000
Max dirty pages percent: 75.000
Pending reads 0
Pending writes: LRU 0, flush list 0, single page 0
Pages made young 0, not young 0
0.00 youngs/s, 0.00 non-youngs/s
Pages read 474, created 192, written 442
0.00 reads/s, 0.00 creates/s, 0.00 writes/s
No buffer pool page gets since the last printout
Pages read ahead 0.00/s, evicted without access 0.00/s, Random read ahead 0.00/s
LRU len: 256, unzip_LRU len: 0
I/O sum[14]:cur[0], unzip sum[0]:cur[0]
--------------
ROW OPERATIONS
--------------
0 queries inside InnoDB, 0 queries in queue
0 read views open inside InnoDB
Process ID=15500, Main thread ID=18044, state: making checkpoint
Number of rows inserted 5303, updated 4, deleted 0, read 8429
0.00 inserts/s, 0.00 updates/s, 0.00 deletes/s, 0.00 reads/s
Number of system rows inserted 0, updated 0, deleted 0, read 0
0.00 inserts/s, 0.00 updates/s, 0.00 deletes/s, 0.00 reads/s
----------------------------
END OF INNODB MONITOR OUTPUT
============================

=====================================
2025-07-18 16:06:36 0x14dc INNODB MONITOR OUTPUT
=====================================
Per second averages calculated from the last 20 seconds
-----------------
BACKGROUND THREAD
-----------------
srv_master_thread loops: 0 srv_active, 0 srv_shutdown, 1 srv_idle
srv_master_thread log flush and writes: 1
----------
SEMAPHORES
----------
OS WAIT ARRAY INFO: reservation count 43
--Thread 18044 has waited at log0log.cc line 1392 for 735.00 seconds the semaphore:
S-lock on RW-latch at 00007FF7259341D0 created in file log0log.cc line 579
a writer (thread id 0) has reserved it in mode  exclusive
number of readers 0, waiters flag 1, lock_word: 0
Last time write locked in file log0log.cc line 1342
OS WAIT ARRAY INFO: signal count 103
RW-shared spins 451, rounds 1318, OS waits 24
RW-excl spins 888, rounds 1982, OS waits 3
RW-sx spins 2, rounds 60, OS waits 2
Spin rounds per wait: 2.92 RW-shared, 2.23 RW-excl, 30.00 RW-sx
------------
TRANSACTIONS
------------
Trx id counter 243
Purge done for trx's n:o < 243 undo n:o < 0 state: running but idle
History list length 7
LIST OF TRANSACTIONS FOR EACH SESSION:
--------
FILE I/O
--------
I/O thread 0 state: native aio handle (insert buffer thread)
I/O thread 1 state: native aio handle (log thread)
I/O thread 2 state: native aio handle (read thread)
I/O thread 3 state: native aio handle (read thread)
I/O thread 4 state: native aio handle (read thread)
I/O thread 5 state: native aio handle (read thread)
I/O thread 6 state: native aio handle (write thread)
I/O thread 7 state: native aio handle (write thread)
I/O thread 8 state: native aio handle (write thread)
I/O thread 9 state: native aio handle (write thread)
Pending normal aio reads: [0, 0, 0, 0] , aio writes: [0, 0, 0, 0] ,
 ibuf aio reads:, log i/o's:, sync i/o's:
Pending flushes (fsync) log: 0; buffer pool: 0
510 OS file reads, 503 OS file writes, 132 OS fsyncs
0.00 reads/s, 0 avg bytes/read, 0.00 writes/s, 0.00 fsyncs/s
-------------------------------------
INSERT BUFFER AND ADAPTIVE HASH INDEX
-------------------------------------
Ibuf: size 1, free list len 0, seg size 2, 0 merges
merged operations:
 insert 0, delete mark 0, delete 0
discarded operations:
 insert 0, delete mark 0, delete 0
Hash table size 4441, node heap has 0 buffer(s)
Hash table size 4441, node heap has 0 buffer(s)
Hash table size 4441, node heap has 0 buffer(s)
Hash table size 4441, node heap has 0 buffer(s)
Hash table size 4441, node heap has 3 buffer(s)
Hash table size 4441, node heap has 7 buffer(s)
Hash table size 4441, node heap has 1 buffer(s)
Hash table size 4441, node heap has 0 buffer(s)
0.00 hash searches/s, 0.00 non-hash searches/s
---
LOG
---
Log sequence number 1335570
Log flushed up to   1335570
Pages flushed up to 1335570
Last checkpoint at  300288
0 pending log flushes, 1 pending chkp writes
48 log i/o's done, 0.00 log i/o's/second
----------------------
BUFFER POOL AND MEMORY
----------------------
Total large memory allocated 33554432
Dictionary memory allocated 85136
Buffer pool size   1003
Free buffers       736
Database pages     256
Old database pages 0
Modified db pages  0
Percent of dirty pages(LRU & free pages): 0.000
Max dirty pages percent: 75.000
Pending reads 0
Pending writes: LRU 0, flush list 0, single page 0
Pages made young 0, not young 0
0.00 youngs/s, 0.00 non-youngs/s
Pages read 474, created 192, written 442
0.00 reads/s, 0.00 creates/s, 0.00 writes/s
No buffer pool page gets since the last printout
Pages read ahead 0.00/s, evicted without access 0.00/s, Random read ahead 0.00/s
LRU len: 256, unzip_LRU len: 0
I/O sum[14]:cur[0], unzip sum[0]:cur[0]
--------------
ROW OPERATIONS
--------------
0 queries inside InnoDB, 0 queries in queue
0 read views open inside InnoDB
Process ID=15500, Main thread ID=18044, state: making checkpoint
Number of rows inserted 5303, updated 4, deleted 0, read 8429
0.00 inserts/s, 0.00 updates/s, 0.00 deletes/s, 0.00 reads/s
Number of system rows inserted 0, updated 0, deleted 0, read 0
0.00 inserts/s, 0.00 updates/s, 0.00 deletes/s, 0.00 reads/s
----------------------------
END OF INNODB MONITOR OUTPUT
============================
InnoDB: ###### Diagnostic info printed to the standard error stream
2025-07-18 16:06:38 0 [Warning] InnoDB: A long semaphore wait:
--Thread 18044 has waited at log0log.cc line 1392 for 737.00 seconds the semaphore:
S-lock on RW-latch at 00007FF7259341D0 created in file log0log.cc line 579
a writer (thread id 0) has reserved it in mode  exclusive
number of readers 0, waiters flag 1, lock_word: 0
Last time write locked in file log0log.cc line 1342
2025-07-18 16:06:38 0 [Note] InnoDB: A semaphore wait:
--Thread 18044 has waited at log0log.cc line 1392 for 737.00 seconds the semaphore:
S-lock on RW-latch at 00007FF7259341D0 created in file log0log.cc line 579
a writer (thread id 0) has reserved it in mode  exclusive
number of readers 0, waiters flag 1, lock_word: 0
Last time write locked in file log0log.cc line 1342
InnoDB: ###### Starts InnoDB Monitor for 30 secs to print diagnostic info:
InnoDB: Pending reads 0, writes 0

=====================================
2025-07-18 16:06:56 0x14dc INNODB MONITOR OUTPUT
=====================================
Per second averages calculated from the last 20 seconds
-----------------
BACKGROUND THREAD
-----------------
srv_master_thread loops: 0 srv_active, 0 srv_shutdown, 1 srv_idle
srv_master_thread log flush and writes: 1
----------
SEMAPHORES
----------
OS WAIT ARRAY INFO: reservation count 43
--Thread 18044 has waited at log0log.cc line 1392 for 755.00 seconds the semaphore:
S-lock on RW-latch at 00007FF7259341D0 created in file log0log.cc line 579
a writer (thread id 0) has reserved it in mode  exclusive
number of readers 0, waiters flag 1, lock_word: 0
Last time write locked in file log0log.cc line 1342
OS WAIT ARRAY INFO: signal count 103
RW-shared spins 451, rounds 1318, OS waits 24
RW-excl spins 888, rounds 1982, OS waits 3
RW-sx spins 2, rounds 60, OS waits 2
Spin rounds per wait: 2.92 RW-shared, 2.23 RW-excl, 30.00 RW-sx
------------
TRANSACTIONS
------------
Trx id counter 243
Purge done for trx's n:o < 243 undo n:o < 0 state: running but idle
History list length 7
LIST OF TRANSACTIONS FOR EACH SESSION:
--------
FILE I/O
--------
I/O thread 0 state: native aio handle (insert buffer thread)
I/O thread 1 state: native aio handle (log thread)
I/O thread 2 state: native aio handle (read thread)
I/O thread 3 state: native aio handle (read thread)
I/O thread 4 state: native aio handle (read thread)
I/O thread 5 state: native aio handle (read thread)
I/O thread 6 state: native aio handle (write thread)
I/O thread 7 state: native aio handle (write thread)
I/O thread 8 state: native aio handle (write thread)
I/O thread 9 state: native aio handle (write thread)
Pending normal aio reads: [0, 0, 0, 0] , aio writes: [0, 0, 0, 0] ,
 ibuf aio reads:, log i/o's:, sync i/o's:
Pending flushes (fsync) log: 0; buffer pool: 0
510 OS file reads, 503 OS file writes, 132 OS fsyncs
0.00 reads/s, 0 avg bytes/read, 0.00 writes/s, 0.00 fsyncs/s
-------------------------------------
INSERT BUFFER AND ADAPTIVE HASH INDEX
-------------------------------------
Ibuf: size 1, free list len 0, seg size 2, 0 merges
merged operations:
 insert 0, delete mark 0, delete 0
discarded operations:
 insert 0, delete mark 0, delete 0
Hash table size 4441, node heap has 0 buffer(s)
Hash table size 4441, node heap has 0 buffer(s)
Hash table size 4441, node heap has 0 buffer(s)
Hash table size 4441, node heap has 0 buffer(s)
Hash table size 4441, node heap has 3 buffer(s)
Hash table size 4441, node heap has 7 buffer(s)
Hash table size 4441, node heap has 1 buffer(s)
Hash table size 4441, node heap has 0 buffer(s)
0.00 hash searches/s, 0.00 non-hash searches/s
---
LOG
---
Log sequence number 1335570
Log flushed up to   1335570
Pages flushed up to 1335570
Last checkpoint at  300288
0 pending log flushes, 1 pending chkp writes
48 log i/o's done, 0.00 log i/o's/second
----------------------
BUFFER POOL AND MEMORY
----------------------
Total large memory allocated 33554432
Dictionary memory allocated 85136
Buffer pool size   1003
Free buffers       736
Database pages     256
Old database pages 0
Modified db pages  0
Percent of dirty pages(LRU & free pages): 0.000
Max dirty pages percent: 75.000
Pending reads 0
Pending writes: LRU 0, flush list 0, single page 0
Pages made young 0, not young 0
0.00 youngs/s, 0.00 non-youngs/s
Pages read 474, created 192, written 442
0.00 reads/s, 0.00 creates/s, 0.00 writes/s
No buffer pool page gets since the last printout
Pages read ahead 0.00/s, evicted without access 0.00/s, Random read ahead 0.00/s
LRU len: 256, unzip_LRU len: 0
I/O sum[14]:cur[0], unzip sum[0]:cur[0]
--------------
ROW OPERATIONS
--------------
0 queries inside InnoDB, 0 queries in queue
0 read views open inside InnoDB
Process ID=15500, Main thread ID=18044, state: making checkpoint
Number of rows inserted 5303, updated 4, deleted 0, read 8429
0.00 inserts/s, 0.00 updates/s, 0.00 deletes/s, 0.00 reads/s
Number of system rows inserted 0, updated 0, deleted 0, read 0
0.00 inserts/s, 0.00 updates/s, 0.00 deletes/s, 0.00 reads/s
----------------------------
END OF INNODB MONITOR OUTPUT
============================
InnoDB: ###### Diagnostic info printed to the standard error stream
2025-07-18 16:07:09 0 [Warning] InnoDB: A long semaphore wait:
--Thread 18044 has waited at log0log.cc line 1392 for 768.00 seconds the semaphore:
S-lock on RW-latch at 00007FF7259341D0 created in file log0log.cc line 579
a writer (thread id 0) has reserved it in mode  exclusive
number of readers 0, waiters flag 1, lock_word: 0
Last time write locked in file log0log.cc line 1342
2025-07-18 16:07:09 0 [Note] InnoDB: A semaphore wait:
--Thread 18044 has waited at log0log.cc line 1392 for 768.00 seconds the semaphore:
S-lock on RW-latch at 00007FF7259341D0 created in file log0log.cc line 579
a writer (thread id 0) has reserved it in mode  exclusive
number of readers 0, waiters flag 1, lock_word: 0
Last time write locked in file log0log.cc line 1342
InnoDB: ###### Starts InnoDB Monitor for 30 secs to print diagnostic info:
InnoDB: Pending reads 0, writes 0

=====================================
2025-07-18 16:07:16 0x14dc INNODB MONITOR OUTPUT
=====================================
Per second averages calculated from the last 20 seconds
-----------------
BACKGROUND THREAD
-----------------
srv_master_thread loops: 0 srv_active, 0 srv_shutdown, 1 srv_idle
srv_master_thread log flush and writes: 1
----------
SEMAPHORES
----------
OS WAIT ARRAY INFO: reservation count 43
--Thread 18044 has waited at log0log.cc line 1392 for 775.00 seconds the semaphore:
S-lock on RW-latch at 00007FF7259341D0 created in file log0log.cc line 579
a writer (thread id 0) has reserved it in mode  exclusive
number of readers 0, waiters flag 1, lock_word: 0
Last time write locked in file log0log.cc line 1342
OS WAIT ARRAY INFO: signal count 103
RW-shared spins 451, rounds 1318, OS waits 24
RW-excl spins 888, rounds 1982, OS waits 3
RW-sx spins 2, rounds 60, OS waits 2
Spin rounds per wait: 2.92 RW-shared, 2.23 RW-excl, 30.00 RW-sx
------------
TRANSACTIONS
------------
Trx id counter 243
Purge done for trx's n:o < 243 undo n:o < 0 state: running but idle
History list length 7
LIST OF TRANSACTIONS FOR EACH SESSION:
--------
FILE I/O
--------
I/O thread 0 state: native aio handle (insert buffer thread)
I/O thread 1 state: native aio handle (log thread)
I/O thread 2 state: native aio handle (read thread)
I/O thread 3 state: native aio handle (read thread)
I/O thread 4 state: native aio handle (read thread)
I/O thread 5 state: native aio handle (read thread)
I/O thread 6 state: native aio handle (write thread)
I/O thread 7 state: native aio handle (write thread)
I/O thread 8 state: native aio handle (write thread)
I/O thread 9 state: native aio handle (write thread)
Pending normal aio reads: [0, 0, 0, 0] , aio writes: [0, 0, 0, 0] ,
 ibuf aio reads:, log i/o's:, sync i/o's:
Pending flushes (fsync) log: 0; buffer pool: 0
510 OS file reads, 503 OS file writes, 132 OS fsyncs
0.00 reads/s, 0 avg bytes/read, 0.00 writes/s, 0.00 fsyncs/s
-------------------------------------
INSERT BUFFER AND ADAPTIVE HASH INDEX
-------------------------------------
Ibuf: size 1, free list len 0, seg size 2, 0 merges
merged operations:
 insert 0, delete mark 0, delete 0
discarded operations:
 insert 0, delete mark 0, delete 0
Hash table size 4441, node heap has 0 buffer(s)
Hash table size 4441, node heap has 0 buffer(s)
Hash table size 4441, node heap has 0 buffer(s)
Hash table size 4441, node heap has 0 buffer(s)
Hash table size 4441, node heap has 3 buffer(s)
Hash table size 4441, node heap has 7 buffer(s)
Hash table size 4441, node heap has 1 buffer(s)
Hash table size 4441, node heap has 0 buffer(s)
0.00 hash searches/s, 0.00 non-hash searches/s
---
LOG
---
Log sequence number 1335570
Log flushed up to   1335570
Pages flushed up to 1335570
Last checkpoint at  300288
0 pending log flushes, 1 pending chkp writes
48 log i/o's done, 0.00 log i/o's/second
----------------------
BUFFER POOL AND MEMORY
----------------------
Total large memory allocated 33554432
Dictionary memory allocated 85136
Buffer pool size   1003
Free buffers       736
Database pages     256
Old database pages 0
Modified db pages  0
Percent of dirty pages(LRU & free pages): 0.000
Max dirty pages percent: 75.000
Pending reads 0
Pending writes: LRU 0, flush list 0, single page 0
Pages made young 0, not young 0
0.00 youngs/s, 0.00 non-youngs/s
Pages read 474, created 192, written 442
0.00 reads/s, 0.00 creates/s, 0.00 writes/s
No buffer pool page gets since the last printout
Pages read ahead 0.00/s, evicted without access 0.00/s, Random read ahead 0.00/s
LRU len: 256, unzip_LRU len: 0
I/O sum[14]:cur[0], unzip sum[0]:cur[0]
--------------
ROW OPERATIONS
--------------
0 queries inside InnoDB, 0 queries in queue
0 read views open inside InnoDB
Process ID=15500, Main thread ID=18044, state: making checkpoint
Number of rows inserted 5303, updated 4, deleted 0, read 8429
0.00 inserts/s, 0.00 updates/s, 0.00 deletes/s, 0.00 reads/s
Number of system rows inserted 0, updated 0, deleted 0, read 0
0.00 inserts/s, 0.00 updates/s, 0.00 deletes/s, 0.00 reads/s
----------------------------
END OF INNODB MONITOR OUTPUT
============================

=====================================
2025-07-18 16:07:36 0x14dc INNODB MONITOR OUTPUT
=====================================
Per second averages calculated from the last 20 seconds
-----------------
BACKGROUND THREAD
-----------------
srv_master_thread loops: 0 srv_active, 0 srv_shutdown, 1 srv_idle
srv_master_thread log flush and writes: 1
----------
SEMAPHORES
----------
OS WAIT ARRAY INFO: reservation count 43
--Thread 18044 has waited at log0log.cc line 1392 for 795.00 seconds the semaphore:
S-lock on RW-latch at 00007FF7259341D0 created in file log0log.cc line 579
a writer (thread id 0) has reserved it in mode  exclusive
number of readers 0, waiters flag 1, lock_word: 0
Last time write locked in file log0log.cc line 1342
OS WAIT ARRAY INFO: signal count 103
RW-shared spins 451, rounds 1318, OS waits 24
RW-excl spins 888, rounds 1982, OS waits 3
RW-sx spins 2, rounds 60, OS waits 2
Spin rounds per wait: 2.92 RW-shared, 2.23 RW-excl, 30.00 RW-sx
------------
TRANSACTIONS
------------
Trx id counter 243
Purge done for trx's n:o < 243 undo n:o < 0 state: running but idle
History list length 7
LIST OF TRANSACTIONS FOR EACH SESSION:
--------
FILE I/O
--------
I/O thread 0 state: native aio handle (insert buffer thread)
I/O thread 1 state: native aio handle (log thread)
I/O thread 2 state: native aio handle (read thread)
I/O thread 3 state: native aio handle (read thread)
I/O thread 4 state: native aio handle (read thread)
I/O thread 5 state: native aio handle (read thread)
I/O thread 6 state: native aio handle (write thread)
I/O thread 7 state: native aio handle (write thread)
I/O thread 8 state: native aio handle (write thread)
I/O thread 9 state: native aio handle (write thread)
Pending normal aio reads: [0, 0, 0, 0] , aio writes: [0, 0, 0, 0] ,
 ibuf aio reads:, log i/o's:, sync i/o's:
Pending flushes (fsync) log: 0; buffer pool: 0
510 OS file reads, 503 OS file writes, 132 OS fsyncs
0.00 reads/s, 0 avg bytes/read, 0.00 writes/s, 0.00 fsyncs/s
-------------------------------------
INSERT BUFFER AND ADAPTIVE HASH INDEX
-------------------------------------
Ibuf: size 1, free list len 0, seg size 2, 0 merges
merged operations:
 insert 0, delete mark 0, delete 0
discarded operations:
 insert 0, delete mark 0, delete 0
Hash table size 4441, node heap has 0 buffer(s)
Hash table size 4441, node heap has 0 buffer(s)
Hash table size 4441, node heap has 0 buffer(s)
Hash table size 4441, node heap has 0 buffer(s)
Hash table size 4441, node heap has 3 buffer(s)
Hash table size 4441, node heap has 7 buffer(s)
Hash table size 4441, node heap has 1 buffer(s)
Hash table size 4441, node heap has 0 buffer(s)
0.00 hash searches/s, 0.00 non-hash searches/s
---
LOG
---
Log sequence number 1335570
Log flushed up to   1335570
Pages flushed up to 1335570
Last checkpoint at  300288
0 pending log flushes, 1 pending chkp writes
48 log i/o's done, 0.00 log i/o's/second
----------------------
BUFFER POOL AND MEMORY
----------------------
Total large memory allocated 33554432
Dictionary memory allocated 85136
Buffer pool size   1003
Free buffers       736
Database pages     256
Old database pages 0
Modified db pages  0
Percent of dirty pages(LRU & free pages): 0.000
Max dirty pages percent: 75.000
Pending reads 0
Pending writes: LRU 0, flush list 0, single page 0
Pages made young 0, not young 0
0.00 youngs/s, 0.00 non-youngs/s
Pages read 474, created 192, written 442
0.00 reads/s, 0.00 creates/s, 0.00 writes/s
No buffer pool page gets since the last printout
Pages read ahead 0.00/s, evicted without access 0.00/s, Random read ahead 0.00/s
LRU len: 256, unzip_LRU len: 0
I/O sum[14]:cur[0], unzip sum[0]:cur[0]
--------------
ROW OPERATIONS
--------------
0 queries inside InnoDB, 0 queries in queue
0 read views open inside InnoDB
Process ID=15500, Main thread ID=18044, state: making checkpoint
Number of rows inserted 5303, updated 4, deleted 0, read 8429
0.00 inserts/s, 0.00 updates/s, 0.00 deletes/s, 0.00 reads/s
Number of system rows inserted 0, updated 0, deleted 0, read 0
0.00 inserts/s, 0.00 updates/s, 0.00 deletes/s, 0.00 reads/s
----------------------------
END OF INNODB MONITOR OUTPUT
============================
InnoDB: ###### Diagnostic info printed to the standard error stream
2025-07-18 16:07:40 0 [Warning] InnoDB: A long semaphore wait:
--Thread 18044 has waited at log0log.cc line 1392 for 799.00 seconds the semaphore:
S-lock on RW-latch at 00007FF7259341D0 created in file log0log.cc line 579
a writer (thread id 0) has reserved it in mode  exclusive
number of readers 0, waiters flag 1, lock_word: 0
Last time write locked in file log0log.cc line 1342
2025-07-18 16:07:40 0 [Note] InnoDB: A semaphore wait:
--Thread 18044 has waited at log0log.cc line 1392 for 799.00 seconds the semaphore:
S-lock on RW-latch at 00007FF7259341D0 created in file log0log.cc line 579
a writer (thread id 0) has reserved it in mode  exclusive
number of readers 0, waiters flag 1, lock_word: 0
Last time write locked in file log0log.cc line 1342
InnoDB: ###### Starts InnoDB Monitor for 30 secs to print diagnostic info:
InnoDB: Pending reads 0, writes 0

=====================================
2025-07-18 16:07:56 0x14dc INNODB MONITOR OUTPUT
=====================================
Per second averages calculated from the last 20 seconds
-----------------
BACKGROUND THREAD
-----------------
srv_master_thread loops: 0 srv_active, 0 srv_shutdown, 1 srv_idle
srv_master_thread log flush and writes: 1
----------
SEMAPHORES
----------
OS WAIT ARRAY INFO: reservation count 43
--Thread 18044 has waited at log0log.cc line 1392 for 815.00 seconds the semaphore:
S-lock on RW-latch at 00007FF7259341D0 created in file log0log.cc line 579
a writer (thread id 0) has reserved it in mode  exclusive
number of readers 0, waiters flag 1, lock_word: 0
Last time write locked in file log0log.cc line 1342
OS WAIT ARRAY INFO: signal count 103
RW-shared spins 451, rounds 1318, OS waits 24
RW-excl spins 888, rounds 1982, OS waits 3
RW-sx spins 2, rounds 60, OS waits 2
Spin rounds per wait: 2.92 RW-shared, 2.23 RW-excl, 30.00 RW-sx
------------
TRANSACTIONS
------------
Trx id counter 243
Purge done for trx's n:o < 243 undo n:o < 0 state: running but idle
History list length 7
LIST OF TRANSACTIONS FOR EACH SESSION:
--------
FILE I/O
--------
I/O thread 0 state: native aio handle (insert buffer thread)
I/O thread 1 state: native aio handle (log thread)
I/O thread 2 state: native aio handle (read thread)
I/O thread 3 state: native aio handle (read thread)
I/O thread 4 state: native aio handle (read thread)
I/O thread 5 state: native aio handle (read thread)
I/O thread 6 state: native aio handle (write thread)
I/O thread 7 state: native aio handle (write thread)
I/O thread 8 state: native aio handle (write thread)
I/O thread 9 state: native aio handle (write thread)
Pending normal aio reads: [0, 0, 0, 0] , aio writes: [0, 0, 0, 0] ,
 ibuf aio reads:, log i/o's:, sync i/o's:
Pending flushes (fsync) log: 0; buffer pool: 0
510 OS file reads, 503 OS file writes, 132 OS fsyncs
0.00 reads/s, 0 avg bytes/read, 0.00 writes/s, 0.00 fsyncs/s
-------------------------------------
INSERT BUFFER AND ADAPTIVE HASH INDEX
-------------------------------------
Ibuf: size 1, free list len 0, seg size 2, 0 merges
merged operations:
 insert 0, delete mark 0, delete 0
discarded operations:
 insert 0, delete mark 0, delete 0
Hash table size 4441, node heap has 0 buffer(s)
Hash table size 4441, node heap has 0 buffer(s)
Hash table size 4441, node heap has 0 buffer(s)
Hash table size 4441, node heap has 0 buffer(s)
Hash table size 4441, node heap has 3 buffer(s)
Hash table size 4441, node heap has 7 buffer(s)
Hash table size 4441, node heap has 1 buffer(s)
Hash table size 4441, node heap has 0 buffer(s)
0.00 hash searches/s, 0.00 non-hash searches/s
---
LOG
---
Log sequence number 1335570
Log flushed up to   1335570
Pages flushed up to 1335570
Last checkpoint at  300288
0 pending log flushes, 1 pending chkp writes
48 log i/o's done, 0.00 log i/o's/second
----------------------
BUFFER POOL AND MEMORY
----------------------
Total large memory allocated 33554432
Dictionary memory allocated 85136
Buffer pool size   1003
Free buffers       736
Database pages     256
Old database pages 0
Modified db pages  0
Percent of dirty pages(LRU & free pages): 0.000
Max dirty pages percent: 75.000
Pending reads 0
Pending writes: LRU 0, flush list 0, single page 0
Pages made young 0, not young 0
0.00 youngs/s, 0.00 non-youngs/s
Pages read 474, created 192, written 442
0.00 reads/s, 0.00 creates/s, 0.00 writes/s
No buffer pool page gets since the last printout
Pages read ahead 0.00/s, evicted without access 0.00/s, Random read ahead 0.00/s
LRU len: 256, unzip_LRU len: 0
I/O sum[14]:cur[0], unzip sum[0]:cur[0]
--------------
ROW OPERATIONS
--------------
0 queries inside InnoDB, 0 queries in queue
0 read views open inside InnoDB
Process ID=15500, Main thread ID=18044, state: making checkpoint
Number of rows inserted 5303, updated 4, deleted 0, read 8429
0.00 inserts/s, 0.00 updates/s, 0.00 deletes/s, 0.00 reads/s
Number of system rows inserted 0, updated 0, deleted 0, read 0
0.00 inserts/s, 0.00 updates/s, 0.00 deletes/s, 0.00 reads/s
----------------------------
END OF INNODB MONITOR OUTPUT
============================
InnoDB: ###### Diagnostic info printed to the standard error stream
2025-07-18 16:08:11 0 [Warning] InnoDB: A long semaphore wait:
--Thread 18044 has waited at log0log.cc line 1392 for 830.00 seconds the semaphore:
S-lock on RW-latch at 00007FF7259341D0 created in file log0log.cc line 579
a writer (thread id 0) has reserved it in mode  exclusive
number of readers 0, waiters flag 1, lock_word: 0
Last time write locked in file log0log.cc line 1342
2025-07-18 16:08:11 0 [Note] InnoDB: A semaphore wait:
--Thread 18044 has waited at log0log.cc line 1392 for 830.00 seconds the semaphore:
S-lock on RW-latch at 00007FF7259341D0 created in file log0log.cc line 579
a writer (thread id 0) has reserved it in mode  exclusive
number of readers 0, waiters flag 1, lock_word: 0
Last time write locked in file log0log.cc line 1342
InnoDB: ###### Starts InnoDB Monitor for 30 secs to print diagnostic info:
InnoDB: Pending reads 0, writes 0

=====================================
2025-07-18 16:08:16 0x14dc INNODB MONITOR OUTPUT
=====================================
Per second averages calculated from the last 20 seconds
-----------------
BACKGROUND THREAD
-----------------
srv_master_thread loops: 0 srv_active, 0 srv_shutdown, 1 srv_idle
srv_master_thread log flush and writes: 1
----------
SEMAPHORES
----------
OS WAIT ARRAY INFO: reservation count 43
--Thread 18044 has waited at log0log.cc line 1392 for 835.00 seconds the semaphore:
S-lock on RW-latch at 00007FF7259341D0 created in file log0log.cc line 579
a writer (thread id 0) has reserved it in mode  exclusive
number of readers 0, waiters flag 1, lock_word: 0
Last time write locked in file log0log.cc line 1342
OS WAIT ARRAY INFO: signal count 103
RW-shared spins 451, rounds 1318, OS waits 24
RW-excl spins 888, rounds 1982, OS waits 3
RW-sx spins 2, rounds 60, OS waits 2
Spin rounds per wait: 2.92 RW-shared, 2.23 RW-excl, 30.00 RW-sx
------------
TRANSACTIONS
------------
Trx id counter 243
Purge done for trx's n:o < 243 undo n:o < 0 state: running but idle
History list length 7
LIST OF TRANSACTIONS FOR EACH SESSION:
--------
FILE I/O
--------
I/O thread 0 state: native aio handle (insert buffer thread)
I/O thread 1 state: native aio handle (log thread)
I/O thread 2 state: native aio handle (read thread)
I/O thread 3 state: native aio handle (read thread)
I/O thread 4 state: native aio handle (read thread)
I/O thread 5 state: native aio handle (read thread)
I/O thread 6 state: native aio handle (write thread)
I/O thread 7 state: native aio handle (write thread)
I/O thread 8 state: native aio handle (write thread)
I/O thread 9 state: native aio handle (write thread)
Pending normal aio reads: [0, 0, 0, 0] , aio writes: [0, 0, 0, 0] ,
 ibuf aio reads:, log i/o's:, sync i/o's:
Pending flushes (fsync) log: 0; buffer pool: 0
510 OS file reads, 503 OS file writes, 132 OS fsyncs
0.00 reads/s, 0 avg bytes/read, 0.00 writes/s, 0.00 fsyncs/s
-------------------------------------
INSERT BUFFER AND ADAPTIVE HASH INDEX
-------------------------------------
Ibuf: size 1, free list len 0, seg size 2, 0 merges
merged operations:
 insert 0, delete mark 0, delete 0
discarded operations:
 insert 0, delete mark 0, delete 0
Hash table size 4441, node heap has 0 buffer(s)
Hash table size 4441, node heap has 0 buffer(s)
Hash table size 4441, node heap has 0 buffer(s)
Hash table size 4441, node heap has 0 buffer(s)
Hash table size 4441, node heap has 3 buffer(s)
Hash table size 4441, node heap has 7 buffer(s)
Hash table size 4441, node heap has 1 buffer(s)
Hash table size 4441, node heap has 0 buffer(s)
0.00 hash searches/s, 0.00 non-hash searches/s
---
LOG
---
Log sequence number 1335570
Log flushed up to   1335570
Pages flushed up to 1335570
Last checkpoint at  300288
0 pending log flushes, 1 pending chkp writes
48 log i/o's done, 0.00 log i/o's/second
----------------------
BUFFER POOL AND MEMORY
----------------------
Total large memory allocated 33554432
Dictionary memory allocated 85136
Buffer pool size   1003
Free buffers       736
Database pages     256
Old database pages 0
Modified db pages  0
Percent of dirty pages(LRU & free pages): 0.000
Max dirty pages percent: 75.000
Pending reads 0
Pending writes: LRU 0, flush list 0, single page 0
Pages made young 0, not young 0
0.00 youngs/s, 0.00 non-youngs/s
Pages read 474, created 192, written 442
0.00 reads/s, 0.00 creates/s, 0.00 writes/s
No buffer pool page gets since the last printout
Pages read ahead 0.00/s, evicted without access 0.00/s, Random read ahead 0.00/s
LRU len: 256, unzip_LRU len: 0
I/O sum[14]:cur[0], unzip sum[0]:cur[0]
--------------
ROW OPERATIONS
--------------
0 queries inside InnoDB, 0 queries in queue
0 read views open inside InnoDB
Process ID=15500, Main thread ID=18044, state: making checkpoint
Number of rows inserted 5303, updated 4, deleted 0, read 8429
0.00 inserts/s, 0.00 updates/s, 0.00 deletes/s, 0.00 reads/s
Number of system rows inserted 0, updated 0, deleted 0, read 0
0.00 inserts/s, 0.00 updates/s, 0.00 deletes/s, 0.00 reads/s
----------------------------
END OF INNODB MONITOR OUTPUT
============================

=====================================
2025-07-18 16:08:36 0x14dc INNODB MONITOR OUTPUT
=====================================
Per second averages calculated from the last 20 seconds
-----------------
BACKGROUND THREAD
-----------------
srv_master_thread loops: 0 srv_active, 0 srv_shutdown, 1 srv_idle
srv_master_thread log flush and writes: 1
----------
SEMAPHORES
----------
OS WAIT ARRAY INFO: reservation count 43
--Thread 18044 has waited at log0log.cc line 1392 for 855.00 seconds the semaphore:
S-lock on RW-latch at 00007FF7259341D0 created in file log0log.cc line 579
a writer (thread id 0) has reserved it in mode  exclusive
number of readers 0, waiters flag 1, lock_word: 0
Last time write locked in file log0log.cc line 1342
OS WAIT ARRAY INFO: signal count 103
RW-shared spins 451, rounds 1318, OS waits 24
RW-excl spins 888, rounds 1982, OS waits 3
RW-sx spins 2, rounds 60, OS waits 2
Spin rounds per wait: 2.92 RW-shared, 2.23 RW-excl, 30.00 RW-sx
------------
TRANSACTIONS
------------
Trx id counter 243
Purge done for trx's n:o < 243 undo n:o < 0 state: running but idle
History list length 7
LIST OF TRANSACTIONS FOR EACH SESSION:
--------
FILE I/O
--------
I/O thread 0 state: native aio handle (insert buffer thread)
I/O thread 1 state: native aio handle (log thread)
I/O thread 2 state: native aio handle (read thread)
I/O thread 3 state: native aio handle (read thread)
I/O thread 4 state: native aio handle (read thread)
I/O thread 5 state: native aio handle (read thread)
I/O thread 6 state: native aio handle (write thread)
I/O thread 7 state: native aio handle (write thread)
I/O thread 8 state: native aio handle (write thread)
I/O thread 9 state: native aio handle (write thread)
Pending normal aio reads: [0, 0, 0, 0] , aio writes: [0, 0, 0, 0] ,
 ibuf aio reads:, log i/o's:, sync i/o's:
Pending flushes (fsync) log: 0; buffer pool: 0
510 OS file reads, 503 OS file writes, 132 OS fsyncs
0.00 reads/s, 0 avg bytes/read, 0.00 writes/s, 0.00 fsyncs/s
-------------------------------------
INSERT BUFFER AND ADAPTIVE HASH INDEX
-------------------------------------
Ibuf: size 1, free list len 0, seg size 2, 0 merges
merged operations:
 insert 0, delete mark 0, delete 0
discarded operations:
 insert 0, delete mark 0, delete 0
Hash table size 4441, node heap has 0 buffer(s)
Hash table size 4441, node heap has 0 buffer(s)
Hash table size 4441, node heap has 0 buffer(s)
Hash table size 4441, node heap has 0 buffer(s)
Hash table size 4441, node heap has 3 buffer(s)
Hash table size 4441, node heap has 7 buffer(s)
Hash table size 4441, node heap has 1 buffer(s)
Hash table size 4441, node heap has 0 buffer(s)
0.00 hash searches/s, 0.00 non-hash searches/s
---
LOG
---
Log sequence number 1335570
Log flushed up to   1335570
Pages flushed up to 1335570
Last checkpoint at  300288
0 pending log flushes, 1 pending chkp writes
48 log i/o's done, 0.00 log i/o's/second
----------------------
BUFFER POOL AND MEMORY
----------------------
Total large memory allocated 33554432
Dictionary memory allocated 85136
Buffer pool size   1003
Free buffers       736
Database pages     256
Old database pages 0
Modified db pages  0
Percent of dirty pages(LRU & free pages): 0.000
Max dirty pages percent: 75.000
Pending reads 0
Pending writes: LRU 0, flush list 0, single page 0
Pages made young 0, not young 0
0.00 youngs/s, 0.00 non-youngs/s
Pages read 474, created 192, written 442
0.00 reads/s, 0.00 creates/s, 0.00 writes/s
No buffer pool page gets since the last printout
Pages read ahead 0.00/s, evicted without access 0.00/s, Random read ahead 0.00/s
LRU len: 256, unzip_LRU len: 0
I/O sum[14]:cur[0], unzip sum[0]:cur[0]
--------------
ROW OPERATIONS
--------------
0 queries inside InnoDB, 0 queries in queue
0 read views open inside InnoDB
Process ID=15500, Main thread ID=18044, state: making checkpoint
Number of rows inserted 5303, updated 4, deleted 0, read 8429
0.00 inserts/s, 0.00 updates/s, 0.00 deletes/s, 0.00 reads/s
Number of system rows inserted 0, updated 0, deleted 0, read 0
0.00 inserts/s, 0.00 updates/s, 0.00 deletes/s, 0.00 reads/s
----------------------------
END OF INNODB MONITOR OUTPUT
============================
InnoDB: ###### Diagnostic info printed to the standard error stream
2025-07-18 16:08:42 0 [Warning] InnoDB: A long semaphore wait:
--Thread 18044 has waited at log0log.cc line 1392 for 861.00 seconds the semaphore:
S-lock on RW-latch at 00007FF7259341D0 created in file log0log.cc line 579
a writer (thread id 0) has reserved it in mode  exclusive
number of readers 0, waiters flag 1, lock_word: 0
Last time write locked in file log0log.cc line 1342
2025-07-18 16:08:42 0 [Note] InnoDB: A semaphore wait:
--Thread 18044 has waited at log0log.cc line 1392 for 861.00 seconds the semaphore:
S-lock on RW-latch at 00007FF7259341D0 created in file log0log.cc line 579
a writer (thread id 0) has reserved it in mode  exclusive
number of readers 0, waiters flag 1, lock_word: 0
Last time write locked in file log0log.cc line 1342
InnoDB: ###### Starts InnoDB Monitor for 30 secs to print diagnostic info:
InnoDB: Pending reads 0, writes 0

=====================================
2025-07-18 16:08:56 0x14dc INNODB MONITOR OUTPUT
=====================================
Per second averages calculated from the last 20 seconds
-----------------
BACKGROUND THREAD
-----------------
srv_master_thread loops: 0 srv_active, 0 srv_shutdown, 1 srv_idle
srv_master_thread log flush and writes: 1
----------
SEMAPHORES
----------
OS WAIT ARRAY INFO: reservation count 43
--Thread 18044 has waited at log0log.cc line 1392 for 875.00 seconds the semaphore:
S-lock on RW-latch at 00007FF7259341D0 created in file log0log.cc line 579
a writer (thread id 0) has reserved it in mode  exclusive
number of readers 0, waiters flag 1, lock_word: 0
Last time write locked in file log0log.cc line 1342
OS WAIT ARRAY INFO: signal count 103
RW-shared spins 451, rounds 1318, OS waits 24
RW-excl spins 888, rounds 1982, OS waits 3
RW-sx spins 2, rounds 60, OS waits 2
Spin rounds per wait: 2.92 RW-shared, 2.23 RW-excl, 30.00 RW-sx
------------
TRANSACTIONS
------------
Trx id counter 243
Purge done for trx's n:o < 243 undo n:o < 0 state: running but idle
History list length 7
LIST OF TRANSACTIONS FOR EACH SESSION:
--------
FILE I/O
--------
I/O thread 0 state: native aio handle (insert buffer thread)
I/O thread 1 state: native aio handle (log thread)
I/O thread 2 state: native aio handle (read thread)
I/O thread 3 state: native aio handle (read thread)
I/O thread 4 state: native aio handle (read thread)
I/O thread 5 state: native aio handle (read thread)
I/O thread 6 state: native aio handle (write thread)
I/O thread 7 state: native aio handle (write thread)
I/O thread 8 state: native aio handle (write thread)
I/O thread 9 state: native aio handle (write thread)
Pending normal aio reads: [0, 0, 0, 0] , aio writes: [0, 0, 0, 0] ,
 ibuf aio reads:, log i/o's:, sync i/o's:
Pending flushes (fsync) log: 0; buffer pool: 0
510 OS file reads, 503 OS file writes, 132 OS fsyncs
0.00 reads/s, 0 avg bytes/read, 0.00 writes/s, 0.00 fsyncs/s
-------------------------------------
INSERT BUFFER AND ADAPTIVE HASH INDEX
-------------------------------------
Ibuf: size 1, free list len 0, seg size 2, 0 merges
merged operations:
 insert 0, delete mark 0, delete 0
discarded operations:
 insert 0, delete mark 0, delete 0
Hash table size 4441, node heap has 0 buffer(s)
Hash table size 4441, node heap has 0 buffer(s)
Hash table size 4441, node heap has 0 buffer(s)
Hash table size 4441, node heap has 0 buffer(s)
Hash table size 4441, node heap has 3 buffer(s)
Hash table size 4441, node heap has 7 buffer(s)
Hash table size 4441, node heap has 1 buffer(s)
Hash table size 4441, node heap has 0 buffer(s)
0.00 hash searches/s, 0.00 non-hash searches/s
---
LOG
---
Log sequence number 1335570
Log flushed up to   1335570
Pages flushed up to 1335570
Last checkpoint at  300288
0 pending log flushes, 1 pending chkp writes
48 log i/o's done, 0.00 log i/o's/second
----------------------
BUFFER POOL AND MEMORY
----------------------
Total large memory allocated 33554432
Dictionary memory allocated 85136
Buffer pool size   1003
Free buffers       736
Database pages     256
Old database pages 0
Modified db pages  0
Percent of dirty pages(LRU & free pages): 0.000
Max dirty pages percent: 75.000
Pending reads 0
Pending writes: LRU 0, flush list 0, single page 0
Pages made young 0, not young 0
0.00 youngs/s, 0.00 non-youngs/s
Pages read 474, created 192, written 442
0.00 reads/s, 0.00 creates/s, 0.00 writes/s
No buffer pool page gets since the last printout
Pages read ahead 0.00/s, evicted without access 0.00/s, Random read ahead 0.00/s
LRU len: 256, unzip_LRU len: 0
I/O sum[14]:cur[0], unzip sum[0]:cur[0]
--------------
ROW OPERATIONS
--------------
0 queries inside InnoDB, 0 queries in queue
0 read views open inside InnoDB
Process ID=15500, Main thread ID=18044, state: making checkpoint
Number of rows inserted 5303, updated 4, deleted 0, read 8429
0.00 inserts/s, 0.00 updates/s, 0.00 deletes/s, 0.00 reads/s
Number of system rows inserted 0, updated 0, deleted 0, read 0
0.00 inserts/s, 0.00 updates/s, 0.00 deletes/s, 0.00 reads/s
----------------------------
END OF INNODB MONITOR OUTPUT
============================

=====================================
2025-07-18 16:09:12 0x14dc INNODB MONITOR OUTPUT
=====================================
Per second averages calculated from the last 16 seconds
-----------------
BACKGROUND THREAD
-----------------
srv_master_thread loops: 0 srv_active, 0 srv_shutdown, 1 srv_idle
srv_master_thread log flush and writes: 1
----------
SEMAPHORES
----------
OS WAIT ARRAY INFO: reservation count 43
--Thread 18044 has waited at log0log.cc line 1392 for 891.00 seconds the semaphore:
S-lock on RW-latch at 00007FF7259341D0 created in file log0log.cc line 579
a writer (thread id 0) has reserved it in mode  exclusive
number of readers 0, waiters flag 1, lock_word: 0
Last time write locked in file log0log.cc line 1342
OS WAIT ARRAY INFO: signal count 103
RW-shared spins 451, rounds 1318, OS waits 24
RW-excl spins 888, rounds 1982, OS waits 3
RW-sx spins 2, rounds 60, OS waits 2
Spin rounds per wait: 2.92 RW-shared, 2.23 RW-excl, 30.00 RW-sx
------------
TRANSACTIONS
------------
Trx id counter 243
Purge done for trx's n:o < 243 undo n:o < 0 state: running but idle
History list length 7
LIST OF TRANSACTIONS FOR EACH SESSION:
--------
FILE I/O
--------
I/O thread 0 state: native aio handle (insert buffer thread)
I/O thread 1 state: native aio handle (log thread)
I/O thread 2 state: native aio handle (read thread)
I/O thread 3 state: native aio handle (read thread)
I/O thread 4 state: native aio handle (read thread)
I/O thread 5 state: native aio handle (read thread)
I/O thread 6 state: native aio handle (write thread)
I/O thread 7 state: native aio handle (write thread)
I/O thread 8 state: native aio handle (write thread)
I/O thread 9 state: native aio handle (write thread)
Pending normal aio reads: [0, 0, 0, 0] , aio writes: [0, 0, 0, 0] ,
 ibuf aio reads:, log i/o's:, sync i/o's:
Pending flushes (fsync) log: 0; buffer pool: 0
510 OS file reads, 503 OS file writes, 132 OS fsyncs
0.00 reads/s, 0 avg bytes/read, 0.00 writes/s, 0.00 fsyncs/s
-------------------------------------
INSERT BUFFER AND ADAPTIVE HASH INDEX
-------------------------------------
Ibuf: size 1, free list len 0, seg size 2, 0 merges
merged operations:
 insert 0, delete mark 0, delete 0
discarded operations:
 insert 0, delete mark 0, delete 0
Hash table size 4441, node heap has 0 buffer(s)
Hash table size 4441, node heap has 0 buffer(s)
Hash table size 4441, node heap has 0 buffer(s)
Hash table size 4441, node heap has 0 buffer(s)
Hash table size 4441, node heap has 3 buffer(s)
Hash table size 4441, node heap has 7 buffer(s)
Hash table size 4441, node heap has 1 buffer(s)
Hash table size 4441, node heap has 0 buffer(s)
0.00 hash searches/s, 0.00 non-hash searches/s
---
LOG
---
Log sequence number 1335570
Log flushed up to   1335570
Pages flushed up to 1335570
Last checkpoint at  300288
0 pending log flushes, 1 pending chkp writes
48 log i/o's done, 0.00 log i/o's/second
----------------------
BUFFER POOL AND MEMORY
----------------------
Total large memory allocated 33554432
Dictionary memory allocated 85136
Buffer pool size   1003
Free buffers       736
Database pages     256
Old database pages 0
Modified db pages  0
Percent of dirty pages(LRU & free pages): 0.000
Max dirty pages percent: 75.000
Pending reads 0
Pending writes: LRU 0, flush list 0, single page 0
Pages made young 0, not young 0
0.00 youngs/s, 0.00 non-youngs/s
Pages read 474, created 192, written 442
0.00 reads/s, 0.00 creates/s, 0.00 writes/s
No buffer pool page gets since the last printout
Pages read ahead 0.00/s, evicted without access 0.00/s, Random read ahead 0.00/s
LRU len: 256, unzip_LRU len: 0
I/O sum[14]:cur[0], unzip sum[0]:cur[0]
--------------
ROW OPERATIONS
--------------
0 queries inside InnoDB, 0 queries in queue
0 read views open inside InnoDB
Process ID=15500, Main thread ID=18044, state: making checkpoint
Number of rows inserted 5303, updated 4, deleted 0, read 8429
0.00 inserts/s, 0.00 updates/s, 0.00 deletes/s, 0.00 reads/s
Number of system rows inserted 0, updated 0, deleted 0, read 0
0.00 inserts/s, 0.00 updates/s, 0.00 deletes/s, 0.00 reads/s
----------------------------
END OF INNODB MONITOR OUTPUT
============================
InnoDB: ###### Diagnostic info printed to the standard error stream
2025-07-18 16:09:13 0 [Warning] InnoDB: A long semaphore wait:
--Thread 18044 has waited at log0log.cc line 1392 for 892.00 seconds the semaphore:
S-lock on RW-latch at 00007FF7259341D0 created in file log0log.cc line 579
a writer (thread id 0) has reserved it in mode  exclusive
number of readers 0, waiters flag 1, lock_word: 0
Last time write locked in file log0log.cc line 1342
2025-07-18 16:09:13 0 [Note] InnoDB: A semaphore wait:
--Thread 18044 has waited at log0log.cc line 1392 for 892.00 seconds the semaphore:
S-lock on RW-latch at 00007FF7259341D0 created in file log0log.cc line 579
a writer (thread id 0) has reserved it in mode  exclusive
number of readers 0, waiters flag 1, lock_word: 0
Last time write locked in file log0log.cc line 1342
InnoDB: ###### Starts InnoDB Monitor for 30 secs to print diagnostic info:
InnoDB: Pending reads 0, writes 0

=====================================
2025-07-18 16:09:32 0x14dc INNODB MONITOR OUTPUT
=====================================
Per second averages calculated from the last 20 seconds
-----------------
BACKGROUND THREAD
-----------------
srv_master_thread loops: 0 srv_active, 0 srv_shutdown, 1 srv_idle
srv_master_thread log flush and writes: 1
----------
SEMAPHORES
----------
OS WAIT ARRAY INFO: reservation count 43
--Thread 18044 has waited at log0log.cc line 1392 for 911.00 seconds the semaphore:
S-lock on RW-latch at 00007FF7259341D0 created in file log0log.cc line 579
a writer (thread id 0) has reserved it in mode  exclusive
number of readers 0, waiters flag 1, lock_word: 0
Last time write locked in file log0log.cc line 1342
OS WAIT ARRAY INFO: signal count 103
RW-shared spins 451, rounds 1318, OS waits 24
RW-excl spins 888, rounds 1982, OS waits 3
RW-sx spins 2, rounds 60, OS waits 2
Spin rounds per wait: 2.92 RW-shared, 2.23 RW-excl, 30.00 RW-sx
------------
TRANSACTIONS
------------
Trx id counter 243
Purge done for trx's n:o < 243 undo n:o < 0 state: running but idle
History list length 7
LIST OF TRANSACTIONS FOR EACH SESSION:
--------
FILE I/O
--------
I/O thread 0 state: native aio handle (insert buffer thread)
I/O thread 1 state: native aio handle (log thread)
I/O thread 2 state: native aio handle (read thread)
I/O thread 3 state: native aio handle (read thread)
I/O thread 4 state: native aio handle (read thread)
I/O thread 5 state: native aio handle (read thread)
I/O thread 6 state: native aio handle (write thread)
I/O thread 7 state: native aio handle (write thread)
I/O thread 8 state: native aio handle (write thread)
I/O thread 9 state: native aio handle (write thread)
Pending normal aio reads: [0, 0, 0, 0] , aio writes: [0, 0, 0, 0] ,
 ibuf aio reads:, log i/o's:, sync i/o's:
Pending flushes (fsync) log: 0; buffer pool: 0
510 OS file reads, 503 OS file writes, 132 OS fsyncs
0.00 reads/s, 0 avg bytes/read, 0.00 writes/s, 0.00 fsyncs/s
-------------------------------------
INSERT BUFFER AND ADAPTIVE HASH INDEX
-------------------------------------
Ibuf: size 1, free list len 0, seg size 2, 0 merges
merged operations:
 insert 0, delete mark 0, delete 0
discarded operations:
 insert 0, delete mark 0, delete 0
Hash table size 4441, node heap has 0 buffer(s)
Hash table size 4441, node heap has 0 buffer(s)
Hash table size 4441, node heap has 0 buffer(s)
Hash table size 4441, node heap has 0 buffer(s)
Hash table size 4441, node heap has 3 buffer(s)
Hash table size 4441, node heap has 7 buffer(s)
Hash table size 4441, node heap has 1 buffer(s)
Hash table size 4441, node heap has 0 buffer(s)
0.00 hash searches/s, 0.00 non-hash searches/s
---
LOG
---
Log sequence number 1335570
Log flushed up to   1335570
Pages flushed up to 1335570
Last checkpoint at  300288
0 pending log flushes, 1 pending chkp writes
48 log i/o's done, 0.00 log i/o's/second
----------------------
BUFFER POOL AND MEMORY
----------------------
Total large memory allocated 33554432
Dictionary memory allocated 85136
Buffer pool size   1003
Free buffers       736
Database pages     256
Old database pages 0
Modified db pages  0
Percent of dirty pages(LRU & free pages): 0.000
Max dirty pages percent: 75.000
Pending reads 0
Pending writes: LRU 0, flush list 0, single page 0
Pages made young 0, not young 0
0.00 youngs/s, 0.00 non-youngs/s
Pages read 474, created 192, written 442
0.00 reads/s, 0.00 creates/s, 0.00 writes/s
No buffer pool page gets since the last printout
Pages read ahead 0.00/s, evicted without access 0.00/s, Random read ahead 0.00/s
LRU len: 256, unzip_LRU len: 0
I/O sum[14]:cur[0], unzip sum[0]:cur[0]
--------------
ROW OPERATIONS
--------------
0 queries inside InnoDB, 0 queries in queue
0 read views open inside InnoDB
Process ID=15500, Main thread ID=18044, state: making checkpoint
Number of rows inserted 5303, updated 4, deleted 0, read 8429
0.00 inserts/s, 0.00 updates/s, 0.00 deletes/s, 0.00 reads/s
Number of system rows inserted 0, updated 0, deleted 0, read 0
0.00 inserts/s, 0.00 updates/s, 0.00 deletes/s, 0.00 reads/s
----------------------------
END OF INNODB MONITOR OUTPUT
============================
InnoDB: ###### Diagnostic info printed to the standard error stream
2025-07-18 16:09:44 0 [Warning] InnoDB: A long semaphore wait:
--Thread 18044 has waited at log0log.cc line 1392 for 923.00 seconds the semaphore:
S-lock on RW-latch at 00007FF7259341D0 created in file log0log.cc line 579
a writer (thread id 0) has reserved it in mode  exclusive
number of readers 0, waiters flag 1, lock_word: 0
Last time write locked in file log0log.cc line 1342
2025-07-18 16:09:44 0 [Note] InnoDB: A semaphore wait:
--Thread 18044 has waited at log0log.cc line 1392 for 923.00 seconds the semaphore:
S-lock on RW-latch at 00007FF7259341D0 created in file log0log.cc line 579
a writer (thread id 0) has reserved it in mode  exclusive
number of readers 0, waiters flag 1, lock_word: 0
Last time write locked in file log0log.cc line 1342
InnoDB: ###### Starts InnoDB Monitor for 30 secs to print diagnostic info:
InnoDB: Pending reads 0, writes 0

=====================================
2025-07-18 16:09:52 0x14dc INNODB MONITOR OUTPUT
=====================================
Per second averages calculated from the last 20 seconds
-----------------
BACKGROUND THREAD
-----------------
srv_master_thread loops: 0 srv_active, 0 srv_shutdown, 1 srv_idle
srv_master_thread log flush and writes: 1
----------
SEMAPHORES
----------
OS WAIT ARRAY INFO: reservation count 43
--Thread 18044 has waited at log0log.cc line 1392 for 931.00 seconds the semaphore:
S-lock on RW-latch at 00007FF7259341D0 created in file log0log.cc line 579
a writer (thread id 0) has reserved it in mode  exclusive
number of readers 0, waiters flag 1, lock_word: 0
Last time write locked in file log0log.cc line 1342
OS WAIT ARRAY INFO: signal count 103
RW-shared spins 451, rounds 1318, OS waits 24
RW-excl spins 888, rounds 1982, OS waits 3
RW-sx spins 2, rounds 60, OS waits 2
Spin rounds per wait: 2.92 RW-shared, 2.23 RW-excl, 30.00 RW-sx
------------
TRANSACTIONS
------------
Trx id counter 243
Purge done for trx's n:o < 243 undo n:o < 0 state: running but idle
History list length 7
LIST OF TRANSACTIONS FOR EACH SESSION:
--------
FILE I/O
--------
I/O thread 0 state: native aio handle (insert buffer thread)
I/O thread 1 state: native aio handle (log thread)
I/O thread 2 state: native aio handle (read thread)
I/O thread 3 state: native aio handle (read thread)
I/O thread 4 state: native aio handle (read thread)
I/O thread 5 state: native aio handle (read thread)
I/O thread 6 state: native aio handle (write thread)
I/O thread 7 state: native aio handle (write thread)
I/O thread 8 state: native aio handle (write thread)
I/O thread 9 state: native aio handle (write thread)
Pending normal aio reads: [0, 0, 0, 0] , aio writes: [0, 0, 0, 0] ,
 ibuf aio reads:, log i/o's:, sync i/o's:
Pending flushes (fsync) log: 0; buffer pool: 0
510 OS file reads, 503 OS file writes, 132 OS fsyncs
0.00 reads/s, 0 avg bytes/read, 0.00 writes/s, 0.00 fsyncs/s
-------------------------------------
INSERT BUFFER AND ADAPTIVE HASH INDEX
-------------------------------------
Ibuf: size 1, free list len 0, seg size 2, 0 merges
merged operations:
 insert 0, delete mark 0, delete 0
discarded operations:
 insert 0, delete mark 0, delete 0
Hash table size 4441, node heap has 0 buffer(s)
Hash table size 4441, node heap has 0 buffer(s)
Hash table size 4441, node heap has 0 buffer(s)
Hash table size 4441, node heap has 0 buffer(s)
Hash table size 4441, node heap has 3 buffer(s)
Hash table size 4441, node heap has 7 buffer(s)
Hash table size 4441, node heap has 1 buffer(s)
Hash table size 4441, node heap has 0 buffer(s)
0.00 hash searches/s, 0.00 non-hash searches/s
---
LOG
---
Log sequence number 1335570
Log flushed up to   1335570
Pages flushed up to 1335570
Last checkpoint at  300288
0 pending log flushes, 1 pending chkp writes
48 log i/o's done, 0.00 log i/o's/second
----------------------
BUFFER POOL AND MEMORY
----------------------
Total large memory allocated 33554432
Dictionary memory allocated 85136
Buffer pool size   1003
Free buffers       736
Database pages     256
Old database pages 0
Modified db pages  0
Percent of dirty pages(LRU & free pages): 0.000
Max dirty pages percent: 75.000
Pending reads 0
Pending writes: LRU 0, flush list 0, single page 0
Pages made young 0, not young 0
0.00 youngs/s, 0.00 non-youngs/s
Pages read 474, created 192, written 442
0.00 reads/s, 0.00 creates/s, 0.00 writes/s
No buffer pool page gets since the last printout
Pages read ahead 0.00/s, evicted without access 0.00/s, Random read ahead 0.00/s
LRU len: 256, unzip_LRU len: 0
I/O sum[14]:cur[0], unzip sum[0]:cur[0]
--------------
ROW OPERATIONS
--------------
0 queries inside InnoDB, 0 queries in queue
0 read views open inside InnoDB
Process ID=15500, Main thread ID=18044, state: making checkpoint
Number of rows inserted 5303, updated 4, deleted 0, read 8429
0.00 inserts/s, 0.00 updates/s, 0.00 deletes/s, 0.00 reads/s
Number of system rows inserted 0, updated 0, deleted 0, read 0
0.00 inserts/s, 0.00 updates/s, 0.00 deletes/s, 0.00 reads/s
----------------------------
END OF INNODB MONITOR OUTPUT
============================

=====================================
2025-07-18 16:10:12 0x14dc INNODB MONITOR OUTPUT
=====================================
Per second averages calculated from the last 20 seconds
-----------------
BACKGROUND THREAD
-----------------
srv_master_thread loops: 0 srv_active, 0 srv_shutdown, 1 srv_idle
srv_master_thread log flush and writes: 1
----------
SEMAPHORES
----------
OS WAIT ARRAY INFO: reservation count 43
--Thread 18044 has waited at log0log.cc line 1392 for 951.00 seconds the semaphore:
S-lock on RW-latch at 00007FF7259341D0 created in file log0log.cc line 579
a writer (thread id 0) has reserved it in mode  exclusive
number of readers 0, waiters flag 1, lock_word: 0
Last time write locked in file log0log.cc line 1342
OS WAIT ARRAY INFO: signal count 103
RW-shared spins 451, rounds 1318, OS waits 24
RW-excl spins 888, rounds 1982, OS waits 3
RW-sx spins 2, rounds 60, OS waits 2
Spin rounds per wait: 2.92 RW-shared, 2.23 RW-excl, 30.00 RW-sx
------------
TRANSACTIONS
------------
Trx id counter 243
Purge done for trx's n:o < 243 undo n:o < 0 state: running but idle
History list length 7
LIST OF TRANSACTIONS FOR EACH SESSION:
--------
FILE I/O
--------
I/O thread 0 state: native aio handle (insert buffer thread)
I/O thread 1 state: native aio handle (log thread)
I/O thread 2 state: native aio handle (read thread)
I/O thread 3 state: native aio handle (read thread)
I/O thread 4 state: native aio handle (read thread)
I/O thread 5 state: native aio handle (read thread)
I/O thread 6 state: native aio handle (write thread)
I/O thread 7 state: native aio handle (write thread)
I/O thread 8 state: native aio handle (write thread)
I/O thread 9 state: native aio handle (write thread)
Pending normal aio reads: [0, 0, 0, 0] , aio writes: [0, 0, 0, 0] ,
 ibuf aio reads:, log i/o's:, sync i/o's:
Pending flushes (fsync) log: 0; buffer pool: 0
510 OS file reads, 503 OS file writes, 132 OS fsyncs
0.00 reads/s, 0 avg bytes/read, 0.00 writes/s, 0.00 fsyncs/s
-------------------------------------
INSERT BUFFER AND ADAPTIVE HASH INDEX
-------------------------------------
Ibuf: size 1, free list len 0, seg size 2, 0 merges
merged operations:
 insert 0, delete mark 0, delete 0
discarded operations:
 insert 0, delete mark 0, delete 0
Hash table size 4441, node heap has 0 buffer(s)
Hash table size 4441, node heap has 0 buffer(s)
Hash table size 4441, node heap has 0 buffer(s)
Hash table size 4441, node heap has 0 buffer(s)
Hash table size 4441, node heap has 3 buffer(s)
Hash table size 4441, node heap has 7 buffer(s)
Hash table size 4441, node heap has 1 buffer(s)
Hash table size 4441, node heap has 0 buffer(s)
0.00 hash searches/s, 0.00 non-hash searches/s
---
LOG
---
Log sequence number 1335570
Log flushed up to   1335570
Pages flushed up to 1335570
Last checkpoint at  300288
0 pending log flushes, 1 pending chkp writes
48 log i/o's done, 0.00 log i/o's/second
----------------------
BUFFER POOL AND MEMORY
----------------------
Total large memory allocated 33554432
Dictionary memory allocated 85136
Buffer pool size   1003
Free buffers       736
Database pages     256
Old database pages 0
Modified db pages  0
Percent of dirty pages(LRU & free pages): 0.000
Max dirty pages percent: 75.000
Pending reads 0
Pending writes: LRU 0, flush list 0, single page 0
Pages made young 0, not young 0
0.00 youngs/s, 0.00 non-youngs/s
Pages read 474, created 192, written 442
0.00 reads/s, 0.00 creates/s, 0.00 writes/s
No buffer pool page gets since the last printout
Pages read ahead 0.00/s, evicted without access 0.00/s, Random read ahead 0.00/s
LRU len: 256, unzip_LRU len: 0
I/O sum[14]:cur[0], unzip sum[0]:cur[0]
--------------
ROW OPERATIONS
--------------
0 queries inside InnoDB, 0 queries in queue
0 read views open inside InnoDB
Process ID=15500, Main thread ID=18044, state: making checkpoint
Number of rows inserted 5303, updated 4, deleted 0, read 8429
0.00 inserts/s, 0.00 updates/s, 0.00 deletes/s, 0.00 reads/s
Number of system rows inserted 0, updated 0, deleted 0, read 0
0.00 inserts/s, 0.00 updates/s, 0.00 deletes/s, 0.00 reads/s
----------------------------
END OF INNODB MONITOR OUTPUT
============================
InnoDB: ###### Diagnostic info printed to the standard error stream
2025-07-18 16:10:14 0 [ERROR] [FATAL] InnoDB: Semaphore wait has lasted > 600 seconds. We intentionally crash the server because it appears to be hung.
250718 16:10:14 [ERROR] mysqld got exception 0x80000003 ;
Sorry, we probably made a mistake, and this is a bug.

Your assistance in bug reporting will enable us to fix this for the next release.
To report this bug, see https://mariadb.com/kb/en/reporting-bugs

We will try our best to scrape up some info that will hopefully help
diagnose the problem, but since we have already crashed, 
something is definitely wrong and this may fail.

Server version: 10.4.32-MariaDB source revision: c4143f909528e3fab0677a28631d10389354c491
key_buffer_size=16777216
read_buffer_size=262144
max_used_connections=4
max_threads=65537
thread_count=5
It is possible that mysqld could use up to 
key_buffer_size + (read_buffer_size + sort_buffer_size)*max_threads = 20304 K  bytes of memory
Hope that's ok; if not, decrease some variables in the equation.

Thread pointer: 0x0
Attempting backtrace. You can use the following information to find out
where mysqld died. If you see no messages after this, something went
terribly wrong...
mysqld.exe!my_parameter_handler()
ucrtbase.dll!raise()
ucrtbase.dll!abort()
mysqld.exe!??$_Construct@$00PEBD@?$basic_string@DU?$char_traits@D@std@@V?$allocator@D@2@@std@@AEAAXQEBD_K@Z()
mysqld.exe!pthread_dummy()
KERNEL32.DLL!BaseThreadInitThunk()
ntdll.dll!RtlUserThreadStart()
The manual page at https://mariadb.com/kb/en/how-to-produce-a-full-stack-trace-for-mariadbd/ contains
information that should help you find out what is causing the crash.
Writing a core file at E:\Data-Science\XAMMP\mysql\data
Minidump written to E:\Data-Science\XAMMP\mysql\data\mysqld.dmp
